-- phpMyAdmin SQL Dump
-- version 5.2.0
-- https://www.phpmyadmin.net/
--
-- Host: localhost
-- Generation Time: Apr 12, 2023 at 04:44 AM
-- Server version: 10.4.21-MariaDB
-- PHP Version: 8.1.6

SET SQL_MODE = "NO_AUTO_VALUE_ON_ZERO";
START TRANSACTION;
SET time_zone = "+00:00";


/*!40101 SET @OLD_CHARACTER_SET_CLIENT=@@CHARACTER_SET_CLIENT */;
/*!40101 SET @OLD_CHARACTER_SET_RESULTS=@@CHARACTER_SET_RESULTS */;
/*!40101 SET @OLD_COLLATION_CONNECTION=@@COLLATION_CONNECTION */;
/*!40101 SET NAMES utf8mb4 */;

--
-- Database: `Klaikhun_db`
--

-- --------------------------------------------------------

--
-- Table structure for table `airlines`
--

CREATE TABLE `airlines` (
  `airline_id` int(11) NOT NULL,
  `airline_name` varchar(100) NOT NULL,
  `airline_logo` text NOT NULL
) ENGINE=InnoDB DEFAULT CHARSET=utf8mb4;

--
-- Dumping data for table `airlines`
--

INSERT INTO `airlines` (`airline_id`, `airline_name`, `airline_logo`) VALUES
(1, 'การบินไทย', 'https://scontent.fbkk12-1.fna.fbcdn.net/v/t1.18169-9/1001252_10151641448107293_1692015366_n.png?_nc_cat=101&ccb=1-7&_nc_sid=973b4a&_nc_ohc=hsn_V2eWif8AX8FTSYG&_nc_oc=AQl09JvP39In1CZBPFiGG_mFzh35gdxaKhAYTPAw23DZo4kfEfgnbA4F5shxKWnp-hssmbArW-57s_O-tc7BpOIC&_nc_ht=scontent.fbkk12-1.fna&oh=00_AfBeljO7qgu4mjhhPR1QH7nQSgzlGtCdGjekmPT2IvVmZg&oe=644A76E6'),
(2, 'แอร์เอเชีย', 'https://upload.wikimedia.org/wikipedia/commons/thumb/f/f5/AirAsia_New_Logo.svg/768px-AirAsia_New_Logo.svg.png'),
(3, 'นกแอร์', 'https://asiaairticket.com/wp-content/uploads/2017/08/Logo-Nokair.png'),
(4, 'บางกอกแอร์เวย์ส', 'https://www.techtalkthai.com/wp-content/uploads/2016/08/oracle-bangkok-airways-logo.jpg');

-- --------------------------------------------------------

--
-- Table structure for table `booking_flights`
--

CREATE TABLE `booking_flights` (
  `booking_flight_id` int(11) NOT NULL,
  `booking_flight_date` date NOT NULL,
  `booking_flight_time` time NOT NULL,
  `ticket_id` int(11) NOT NULL,
  `mem_id` int(11) NOT NULL
) ENGINE=InnoDB DEFAULT CHARSET=utf8mb4;

-- --------------------------------------------------------

--
-- Table structure for table `booking_hotels`
--

CREATE TABLE `booking_hotels` (
  `booking_hotel_id` int(11) NOT NULL,
  `booking_hotel_date` date NOT NULL,
  `booking_hotel_time` time NOT NULL,
  `booking_guest_amount` int(11) NOT NULL,
  `booking_room_amount` int(11) NOT NULL,
  `booking_check_in_date` date NOT NULL,
  `booking_check_out_date` date NOT NULL,
  `hotel_id` int(11) NOT NULL,
  `mem_id` int(11) NOT NULL
) ENGINE=InnoDB DEFAULT CHARSET=utf8;

--
-- Dumping data for table `booking_hotels`
--

INSERT INTO `booking_hotels` (`booking_hotel_id`, `booking_hotel_date`, `booking_hotel_time`, `booking_guest_amount`, `booking_room_amount`, `booking_check_in_date`, `booking_check_out_date`, `hotel_id`, `mem_id`) VALUES
(1, '2023-03-15', '14:23:00', 2, 1, '2023-03-17', '2023-03-20', 60, 2),
(2, '2023-03-20', '10:10:00', 5, 4, '2023-03-21', '2023-03-22', 42, 5),
(3, '2023-03-23', '07:45:02', 3, 2, '2023-03-23', '2023-03-24', 54, 4),
(4, '2023-03-24', '10:46:11', 2, 1, '2023-03-24', '2023-03-25', 46, 3),
(5, '2023-03-26', '11:30:56', 10, 7, '2023-03-27', '2023-03-29', 48, 1);

-- --------------------------------------------------------

--
-- Table structure for table `flights`
--

CREATE TABLE `flights` (
  `flight_id` int(11) NOT NULL,
  `flight_beginning` varchar(10) NOT NULL,
  `flight_destination` varchar(10) NOT NULL,
  `time_departure` time NOT NULL,
  `time_arriving` time NOT NULL,
  `airline_id` int(11) NOT NULL
) ENGINE=InnoDB DEFAULT CHARSET=utf8mb4;

--
-- Dumping data for table `flights`
--

INSERT INTO `flights` (`flight_id`, `flight_beginning`, `flight_destination`, `time_departure`, `time_arriving`, `airline_id`) VALUES
(3357, 'กรุงเทพฯ', 'เชียงใหม่', '17:45:00', '19:30:00', 1),
(3376, 'กรุงเทพฯ', 'กระบี่', '17:25:00', '19:40:00', 1),
(3440, 'กรุงเทพฯ', 'พังงา', '14:00:00', '15:00:00', 2),
(3451, 'พังงา', 'กรุงเทพฯ', '12:00:00', '13:00:00', 3),
(3465, 'กรุงเทพฯ', 'เชียงราย', '09:00:00', '11:00:00', 4),
(3579, 'กรุงเทพฯ', 'ภูเก็ต', '11:00:00', '12:00:00', 1),
(3675, 'กรุงเทพฯ', 'หาดใหญ่', '12:30:00', '14:00:00', 2),
(3789, 'กรุงเทพฯ', 'น่าน', '13:20:00', '15:00:00', 3),
(4899, 'ขอนแก่น', 'กรุงเทพฯ', '19:20:00', '21:00:00', 4),
(4946, 'อุดรธานี', 'กรุงเทพฯ', '13:30:00', '15:10:00', 1),
(4956, 'เชียงใหม่', 'กรุงเทพฯ', '16:20:00', '19:10:00', 2),
(6520, 'กรุงเทพฯ', 'จาร์กาตาร์', '15:30:00', '17:00:00', 3),
(6540, 'จาร์กาตาร์', 'กรุงเทพฯ', '16:25:00', '18:00:00', 4),
(6570, 'กรุงเทพฯ', 'ญี่ปุ่น', '08:00:00', '10:10:00', 1),
(6578, 'ญี่ปุ่น', 'กรุงเทพฯ', '18:20:00', '20:00:00', 2);

-- --------------------------------------------------------

--
-- Table structure for table `hotels`
--

CREATE TABLE `hotels` (
  `hotel_id` int(11) NOT NULL,
  `hotel_name` varchar(100) NOT NULL,
  `hotel_class` int(11) NOT NULL,
  `hotel_description` text DEFAULT NULL,
  `hotel_location` text NOT NULL,
  `room_price` int(11) NOT NULL,
  `review_score` float NOT NULL,
  `available_room` int(11) NOT NULL,
  `hotel_image1` text NOT NULL,
  `hotel_image2` text NOT NULL,
  `hotel_image3` text NOT NULL,
  `hotel_image4` text NOT NULL
) ENGINE=InnoDB DEFAULT CHARSET=utf8;

--
-- Dumping data for table `hotels`
--

INSERT INTO `hotels` (`hotel_id`, `hotel_name`, `hotel_class`, `hotel_description`, `hotel_location`, `room_price`, `review_score`, `available_room`, `hotel_image1`, `hotel_image2`, `hotel_image3`, `hotel_image4`) VALUES
(1, 'สเตย์ วิธ นิมมาน เชียงใหม่ ', 4, 'นอกจากที่พักจะได้รับการรับรองมาตรฐาน SHA Plus ที่พักยังมีบริการ Wi-Fi ฟรีในทุกห้องพัก และที่จอดรถฟรี ที่พักตั้งอยู่ในย่านนิมมานเหมินทร์ของเชียงใหม่ ผู้เข้าพักจึงได้อยู่ใกล้สถานที่ท่องเที่ยวน่าสนใจและร้านอาหารอร่อยๆ ทริปยังไม่จบถ้าไม่ได้แวะไปที่เที่ยวชื่อดังอย่าง วัดเจดีย์หลวง ด้วยอีกสักที่ ที่พัก 4 ดาวคุณภาพสูงแห่งนี้มี บริการนวด, สระว่ายน้ำกลางแจ้ง และ ฟิตเนสเซ็นเตอร์ คอยอำนวยความสะดวกแก่ผู้เข้าพัก', '8/8-8/9 ถนน ศิริมังคลาจารย์, ต.สุเทพ, อ.เมือง, จ. เชียงใหม่, นิมมานเหมินทร์, เชียงใหม่, ไทย, 50200', 2452, 9, 10, 'https://cdn.discordapp.com/attachments/1089483718017687602/1089483782773555211/26dfce907b9c014a3ac8bde04992e85e.png', 'https://cdn.discordapp.com/attachments/1089483718017687602/1089483911614177290/dad4f92888c526f962f7ef5ece45db8d.png', 'https://cdn.discordapp.com/attachments/1089483718017687602/1089484283141435392/62f55db373709d397480ee81188f8cdd.png', 'https://cdn.discordapp.com/attachments/1089483718017687602/1089484181702193152/bc4f69de869d6a3a767401e4f91b4ad8.png'),
(2, 'OYO 1096 Winner Inn Hotel', 3, '\"โรงแรมวินเนอร์ อินน์ (Winner Inn Hotel) เชียงใหม่ (19/1 ถ.ศรีดอนไชย ซอย2 อ.เมือง จ.เชียงใหม่.ไปพักกับลูกสาวมาแล้วค่ะขอยกนิ้วให้ใจเต็ม100% หอ้งนอนและห้องน้ำกว้าง สะอาดดี ผ้าปูที่นอนและผ้าเช็ดตัวสะอาดดี มีอาหารเช้าทานให้ทานรวมอยู่ในราคาห้องแล้ว อาหารเช้าเวลา6.30น. มีกาแฟ/ชา น้ำนางเอก(น้ำส้ม) แอม1ชิ้นใหญ่ ไข่ดาว2ฟอง ขนมปัง2แผ่น แยม เนย เรียกว่า1อิ่มค่ะ(ชา/กาแฟ-น้ำส้มเติมได้ ทำห้องให้เรียบร้อยทุกวันเลยค่ะ กลับห้องพักทีไรก็อดขำไม่ได้ว่าเค้าวางตุ๊กตานอนคว่ำหน้ากับหมอนบ้างนอนหงายบ้าง เหมือนจะบอกว่านอนให้สบายนะ เช้าออกไปเที่ยว2คนแม่ลูกป้าน้อยเจ้าของร.ร.ก็จะถายเราว่าจะไปใหนมีโปรแกมรึยังจะคอยแนะนำเราว่าควรทำอย่างไรเราก็บอกป้าน้อยว่าจะเที่ยวแบบประหยัดเค้าก็แนะให้นั่งรภแดงก้ดีค่ะ ป้าน้อยและทีมพนักงานทุกคนบริการด้วยใจ คุณไปพักแล้วคุณจะรู้ว่าเป็นอย่างที่พูดจริงๆค่ะ ', '19/1 Sridonchai Rd, Soi 2, Hai Ya Sub-District, Mueang Chiang Mai District, Chiang Mai, 50100, Thailand, ช้างคลาน, เชียงใหม่, ไทย, 50100', 612, 7.1, 10, 'https://cdn.discordapp.com/attachments/1089483718017687602/1089484637853724712/b98ba05ea5540fea688fffb2744617f5.png', 'https://cdn.discordapp.com/attachments/1089483718017687602/1089484678878216283/90c5ef32a75e97ec0a0dcbf4aa9c974c.png', 'https://cdn.discordapp.com/attachments/1089483718017687602/1089484695437324328/4d5a06173d04b7fb5382d12fcbac1751.png', 'https://cdn.discordapp.com/attachments/1089483718017687602/1089484729172111370/0ac0efb9845e10de54ea18f74ada8acd.png'),
(3, 'ศิริปันนา วิลล่า รีสอร์ท แอนด์ สปา เชียงใหม่', 5, '\"เหมาะสำหรับครอบครัว ห้องสะอาด เตียงนุ่มสบายไม่ปวดหลัง เด็กๆ หลับสบาย สงบเงียบ แม้จะเป็นโรงแรมใหญ่ ติดถนน ราคาไม่แพง แต่ที่จอดรถน้อยไปหน่อย ต้องไปจอดซอยข้างๆ โรงแรม อาหารเช้ามีให้เลือกพอสมควร ส่วนใหญ่เป็นอาหารไทย รสชาติอาหารกลางๆ \"\r\n', '36 ถนนราษฎร์อุทิศ ตำบลวัดเกตุ อำเภอเมือง, เจริญเมือง, เชียงใหม่, ไทย, 50000', 2761, 8.2, 10, 'https://cdn.discordapp.com/attachments/1089483718017687602/1089485016997838858/165345_14021216470018319843.png', 'https://cdn.discordapp.com/attachments/1089483718017687602/1089485059322552400/eed51c2f1ffc316d59405d0caa65c7b2.png', 'https://cdn.discordapp.com/attachments/1089483718017687602/1089485072874360892/3cca56a557b37061491ca220e405cd4e.png', 'https://cdn.discordapp.com/attachments/1089483718017687602/1089485103438241852/165345_16090717000046200874.png'),
(4, 'บีทู แอร์พอร์ต โฮเต็ล (B2 Airport Hotel)', 3, '\"ข้อดี โรงแรม ห้องพักสะอาดดี สะดวกสบาย ข้อเสีย ห้องไม่เก็บเสียง ตอนกลางคืนได้ยินเสียงรถ วิ่งผ่านไปมา บีบแตรทั้งคืน นอนหลับไม่สนิท \"\r\n', '73/3 ถ.ศรีปิงเมือง ต.ช้างคลาน อ.เมือง, สนามบินเชียงใหม่, เชียงใหม่, ไทย, 50100', 617, 7, 10, 'https://cdn.discordapp.com/attachments/1089483718017687602/1089485409450475560/9ff5b843a7f0d0988d9fe9495ed7ad17.png', 'https://cdn.discordapp.com/attachments/1089483718017687602/1089485433349619742/254d7da690f3db5568deda1ba77b061c.png', 'https://cdn.discordapp.com/attachments/1089483718017687602/1089485449581576192/598ce8e2b71c52506cb864f602dc8c49.png', 'https://cdn.discordapp.com/attachments/1089483718017687602/1089485466249740469/b60e7c4b6f1777fa0bfd678b2ec84f5f.png'),
(5, 'โรงแรมโลตัส ปางสวนแก้ว', 4, 'นอกจากที่พักจะได้รับการรับรองมาตรฐาน SHA Plus ที่พักยังมีบริการ Wi-Fi ฟรีในทุกห้องพัก และที่จอดรถฟรี ที่พักตั้งอยู่ในย่านห้วยแก้วของเชียงใหม่ ผู้เข้าพักจึงได้อยู่ใกล้สถานที่ท่องเที่ยวน่าสนใจและร้านอาหารอร่อยๆ ทริปยังไม่จบถ้าไม่ได้แวะไปที่เที่ยวชื่อดังอย่าง วัดเจดีย์หลวง ด้วยอีกสักที่ ที่พัก 4 ดาวคุณภาพสูงแห่งนี้มี สระว่ายน้ำกลางแจ้ง, ฟิตเนสเซ็นเตอร์ และ ห้องอาหาร คอยอำนวยความสะดวกแก่ผู้เข้าพัก\r\n\r\n', '21 ถ.ห้วยแก้ว ต.สุเทพ อ.เมือง, ห้วยแก้ว, เชียงใหม่, ไทย, 50200', 2122, 8, 10, 'https://cdn.discordapp.com/attachments/1089483718017687602/1089485836862640138/4d197783d2eaf3fed6c44acfb3578f73.png', 'https://cdn.discordapp.com/attachments/1089483718017687602/1089485865312600124/dbf2922727e18ac3491e7d48447f5a34.png', 'https://cdn.discordapp.com/attachments/1089483718017687602/1089485882328883231/10750_16032514370041065282.png', 'https://cdn.discordapp.com/attachments/1089483718017687602/1089485899131260938/a63882366d6671e4464262c17f669677.png'),
(6, 'เดอะ นิมมาน โฮเต็ล (The Nimman Hotel)', 3, 'นอกจากที่พักจะได้รับการรับรองมาตรฐาน SHA ที่พักยังมีบริการ Wi-Fi ฟรีในทุกห้องพัก และที่จอดรถฟรี ที่พักตั้งอยู่ในย่านนิมมานเหมินทร์ของเชียงใหม่ ผู้เข้าพักจึงได้อยู่ใกล้สถานที่ท่องเที่ยวน่าสนใจและร้านอาหารอร่อยๆ ทริปยังไม่จบถ้าไม่ได้แวะไปที่เที่ยวชื่อดังอย่าง วัดเจดีย์หลวง ด้วยอีกสักที่ ที่พัก 3 ดาวคุณภาพสูงแห่งนี้มี สระว่ายน้ำกลางแจ้ง และ ห้องอาหาร คอยอำนวยความสะดวกแก่ผู้เข้าพัก\r\n\r\n', '29 ถนนนิมมานเหมินทร์ ซอย17 ต.สุเทพ อ.เมือง, นิมมานเหมินทร์, เชียงใหม่, ไทย, 50200', 1434, 8, 10, 'https://cdn.discordapp.com/attachments/1089483718017687602/1089487144655015946/6222646692a70f5b5c1b5d7d7e338a53.png', 'https://cdn.discordapp.com/attachments/1089483718017687602/1089487145074425936/edb14c42a9f92cd41011ab1d4ddfee10.png', 'https://cdn.discordapp.com/attachments/1089483718017687602/1089487145548398652/621fc46a91b569de66ea0c77e0d11983.png', 'https://cdn.discordapp.com/attachments/1089483718017687602/1089487145984610365/2ede05293ac15c8ca097fb0f7caf230e.png'),
(7, 'โนโวเทล เชียงใหม่ นิมมาน เจอร์นีย์ฮับ (Novotel Chiangmai Nimman Journeyhub)', 4, '\"เป็นโรงแรมใหม่ของโนโวเทลที่มีขนาดกะทัดรัดกำลังพอดี ไม่ใหญ่มาก แต่ก็ไม่เล็กเกินไป ตัวโรงแรมดูใหม่ สะอาด มีสิ่งอำนวยความสะดวกภายในห้องครบถ้วน รวมทั้งฟิตเนสกับสระว่ายน้ำ อาหารเช้าอร่อย มีให้เลือกหลากหลายพอสมควร จุดเด่นสำคัญเลยน่าจะเป็นทำเลที่ตั้งอยู่ในซอยไม่ลึก ใกล้แหล่งสุดฮิปของนักท่องเที่ยวอย่างถนนนิมมานและห้างเมย่ามากๆ เดินทางสะดวกทั้งคนที่เช่ารถขับเองหรือนั่งรถแดง รวมทั้งสะดวกกับคนที่จะเดินทางออกไปเที่ยวนอกเมือง เช่น ดอยสุเทพ หรือแม่ริม จุดที่อยากให้ปรับปรุงคือที่นอนกับหมอนนิ่มมากเกินไปจนรู้สึกนอนไม่ค่อยสบาย กับห้องอาบน้ำที่น่ามีที่แขวนผ้าเช็ดตัวไว้ให้หยิบสะดวกกว่านี้\"\r\n', '7/77 ม.2, ถ.ห้วยแก้ว, ต.ช้างเผือก, อ.เมือง, เชียงใหม่, ห้วยแก้ว, เชียงใหม่, ไทย, 50300', 3205, 9, 10, 'https://cdn.discordapp.com/attachments/1089483718017687602/1089487589939089448/e29cc93c005c8cdc9f6882da078db64e.png', 'https://cdn.discordapp.com/attachments/1089483718017687602/1089487590362726470/dfea9a94856216c78523ab6636ba2f06.png', 'https://cdn.discordapp.com/attachments/1089483718017687602/1089487590777958440/5a4b4ebabac1eadfebbc86a0f275e89d.png', 'https://cdn.discordapp.com/attachments/1089483718017687602/1089487591264493620/465fe9103c5266aadaf3f21d0b9f0b65.png'),
(8, 'บีทู รีสอร์ท (B2 Resort)', 3, '\"โรงแรมตั้งอยู่ชานเมือง ไม่มีรถสาธารณะผ่าน เหมาะสำหรับผู้มาพักที่มีรถส่วนตัว ที่จอดรถกว้างขวาง ห้องพักสะอาด สะดวกสบาย ครบครันด้วยเครื่องอำนวยความสะดวก มีร้านอาหารพื้นเมืองใกล้ๆ โรงแรม 2-3 ร้าน รสชาดดี การบริการของพนักงานค่อนข้างช้า ในเรื่องการเช้คอินและการออกโฟลืโอ\"\r\n', '142 หมู่ 5 ถนนวงแหวนรอบ2 ต.สันผีเสื้อ อ.เมือง, สันผีเสื้อ, เชียงใหม่, ไทย, 50300', 832, 8, 10, 'https://cdn.discordapp.com/attachments/1089483718017687602/1089488183496020008/05c34bbae09a665035237c3558be0419.png', 'https://cdn.discordapp.com/attachments/1089483718017687602/1089488183860932709/db975d607d463a98c2dcb4bdad7acdbd.png', 'https://cdn.discordapp.com/attachments/1089483718017687602/1089488184389402685/3ef7a69bfcbada6c58b8d8048e7adf50.png', 'https://cdn.discordapp.com/attachments/1089483718017687602/1089488184796254218/150c2daeb1b4039070991ee75a51a2c0.png'),
(9, 'ไอบิส สไตล์ เชียงใหม่ (ibis Styles Chiang Mai)', 8, '\"แนะนำโรงแรมค่ะ ไอบิส สไตล์ เชียงใหม่ ที่ได้เข้าพักจองดีลจาก agoda มา เป็นห้องถูกสุดพันต้นๆ พอมาถึงได้รับการอัพเกรดห้องให้อีก Step พร้อมให้มาอยู่ตึกใหม่ เยี่ยมมาก ดีไซน์ห้องโอเคเลย ส่วนอื่นๆ เตียงคิงไซส์ที่นอนสบาย หมอนนุ่มแน่นพอดีๆ ผ้าห่มหนานุ่ม มีโต๊ะข้างเตียงและโคมไฟทั้ง 2 ฝั่ง ปลั๊กเยอะ มีเก้าอี้นวมใหญ่ๆสวยๆสีขาววางดูหรู ตู้เย็น เครื่องทำน้ำร้อน เซฟมี ห้องน้ำแยกส่วนอาบและสุขา มีสายฉีดด้วย ซึ่งห้องที่เราจองมาตอนแรกไม่มี  ผ้าเช็ดตัว / เช็ดหน้า /เช็ดเท้าพร้อม / อุปกรณ์ในห้องน้ำพร้อม / ชาวเวอร์น้ำอุ่น ที่ล้างมือปรับน้ำอุ่นได้ / ทีวีช่องให้เลือกเยอะ / ไวไฟฟรี / มีอาหารเช้า  นอกเหนือจากนี้ทำเลก็เทพมากอยู่ตรงแยกภูคำเลย ใกล้นิมมาน เมย่า ไปแม่ริมง่าย ที่จอดรถที่มีรปภ.เฝ้าใกล้ชิด ไฟสว่าง พนักงานมีมารยาท #แนะนำจริงๆนะ มันโอเคเกินราคาจริงๆจ่ะ เชื่อเค้าเหอะ\"\r\n', '7/9 หมู่ 1 ถนนเลียบคลองชลประทาน, ต.ช้างเผือก, นิมมานเหมินทร์, เชียงใหม่, ไทย, 50300', 1496, 8, 10, 'https://cdn.discordapp.com/attachments/1089483718017687602/1089489724479127582/1d121613c6e64c7d50ef50d1aa146e78.png', 'https://cdn.discordapp.com/attachments/1089483718017687602/1089489724999205037/d778f89c1477058cd8b280128b7f73e3.png', 'https://cdn.discordapp.com/attachments/1089483718017687602/1089489725456392332/267499_15082413510034907510.png', 'https://cdn.discordapp.com/attachments/1089483718017687602/1089489726031003740/267499_15082413510034907557.png'),
(10, 'Moose Hotel Nimman', 4, '\"Great location and clean\"\r\n', '8/10 Soi 2 Nimmanhaemin Rd, นิมมานเหมินทร์, เชียงใหม่, ไทย, 50200', 5103, 9, 10, 'https://cdn.discordapp.com/attachments/1089483718017687602/1089507396650545313/0563f20a18b1fb036c5e6c9410735772.png', 'https://cdn.discordapp.com/attachments/1089483718017687602/1089507396285644880/8e7e5e11a5bfecf6c866236a71da456a.png', 'https://cdn.discordapp.com/attachments/1089483718017687602/1089507397011251260/89677aa5783f8ea1bdb0128f164cb71f.png', 'https://cdn.discordapp.com/attachments/1089483718017687602/1089507397367775342/6d6fb88a4c3a3c3ad889b30f5d788602.png'),
(11, 'โคโคเทล เชียงใหม่ นิมมาน', 3, 'นอกจากที่พักจะได้รับการรับรองมาตรฐาน SHA ที่พักยังมีบริการ Wi-Fi ฟรีในทุกห้องพัก และที่จอดรถฟรี ที่พักตั้งอยู่ในย่านนิมมานเหมินทร์ของเชียงใหม่ ผู้เข้าพักจึงได้อยู่ใกล้สถานที่ท่องเที่ยวน่าสนใจและร้านอาหารอร่อยๆ ทริปยังไม่จบถ้าไม่ได้แวะไปที่เที่ยวชื่อดังอย่าง วัดเจดีย์หลวง ด้วยอีกสักที่ ที่พัก 3 ดาวนี้มีห้องอาหาร การเข้าพักจึงผ่อนคลายและสะดวกสบายสุดๆ\r\n\r\n', '21 ซอย 12 ถ.นิมมานเหมินท์ ต.สุเทพ อ.เมือง จ.เชียงใหม่, นิมมานเหมินทร์, เชียงใหม่, ไทย, 50200', 1281, 9, 8, 'https://cdn.discordapp.com/attachments/1089483718017687602/1089507843541041152/26db62e2ba1f6383b82ad98e469b997c.png', 'https://cdn.discordapp.com/attachments/1089483718017687602/1089507842786066503/146e6ccc1663749050e12c5d4db6f907.png', 'https://cdn.discordapp.com/attachments/1089483718017687602/1089507843155185744/40090f7e72a670a658a6c1f89f10a5fa.png', 'https://cdn.discordapp.com/attachments/1089483718017687602/1089507842467319898/690f20e1986d9247ff855baf2e4b6729.png'),
(12, 'พระสิงห์ วิลเลจ (Phra Singh Village)', 4, 'นอกจากที่พักจะได้รับการรับรองมาตรฐาน SHA Plus ที่พักยังมีบริการ Wi-Fi ฟรีในทุกห้องพัก และที่จอดรถฟรี ที่พักตั้งอยู่ในย่านเขตเมืองเก่า จึงอยู่ใกล้กับที่เที่ยวมากมาย และสะดวกต่อการเดินทางไปสถานที่ต่างๆ ทริปยังไม่จบถ้าไม่ได้แวะไปที่เที่ยวชื่อดังอย่าง วัดเจดีย์หลวง ด้วยอีกสักที่ ที่พัก 4 ดาวคุณภาพสูงแห่งนี้มี สระว่ายน้ำในร่ม, บริการนวด และ สระว่ายน้ำกลางแจ้ง คอยอำนวยความสะดวกแก่ผู้เข้าพัก\r\n\r\n', '5 ถ.ราชมรรคา ซ.8 ต.พระสิงห์ อ.เมือง จ.เชียงใหม่, เขตเมืองเก่า, เชียงใหม่, ไทย, 50200', 2666, 9, 10, 'https://cdn.discordapp.com/attachments/1089483718017687602/1089508168394084464/5503f8bd4375be208fcd0cd56a3d3e3e.png', 'https://cdn.discordapp.com/attachments/1089483718017687602/1089508168943554600/2dd3e79a237a9d7b1822a945c6c9f92e.png', 'https://cdn.discordapp.com/attachments/1089483718017687602/1089508169581068308/bfc049b98b7c454af564d93cdfc8efbd.png', 'https://cdn.discordapp.com/attachments/1089483718017687602/1089508170373812325/37c6add4706d4f41f9cb06c46f02f63d.png'),
(13, 'โรงแรมแคนทารี ฮิลล์ ', 5, 'นอกจากที่พักจะได้รับการรับรองมาตรฐาน SHA Plus ที่พักยังมีบริการ Wi-Fi ฟรีในทุกห้องพัก และที่จอดรถฟรี ที่พักตั้งอยู่ในย่านนิมมานเหมินทร์ของเชียงใหม่ ผู้เข้าพักจึงได้อยู่ใกล้สถานที่ท่องเที่ยวน่าสนใจและร้านอาหารอร่อยๆ ทริปยังไม่จบถ้าไม่ได้แวะไปที่เที่ยวชื่อดังอย่าง วัดเจดีย์หลวง ด้วยอีกสักที่ ที่พัก 5 ดาวคุณภาพสูงแห่งนี้มี สระว่ายน้ำในร่ม, ห้องสตรีม และ สระว่ายน้ำกลางแจ้ง คอยอำนวยความสะดวกแก่ผู้เข้าพัก\r\n\r\n\r\n', 'เลขที่ 44 ถนนนิมมานเหมินทร์ ตำบลสุเทพ อ. เมือง, นิมมานเหมินทร์, เชียงใหม่, ไทย, 50200', 3155, 9, 10, 'https://cdn.discordapp.com/attachments/1089483718017687602/1089508755495977040/100264_14010811420018024986.png', 'https://cdn.discordapp.com/attachments/1089483718017687602/1089508755860885605/a50ca9df9a4aa7a9c6b63ebbf44de1ca.png', 'https://cdn.discordapp.com/attachments/1089483718017687602/1089508756179668992/100264_16092116380046739759.png', 'https://cdn.discordapp.com/attachments/1089483718017687602/1089508756536164422/100264_16092116380046739757.png'),
(14, 'พาร์คโบโรช์ ซิตี้ รีสอร์ต', 5, 'นอกจากที่พักจะได้รับการรับรองมาตรฐาน SHA Plus ที่พักยังมีบริการ Wi-Fi ฟรีในทุกห้องพัก และที่จอดรถฟรี ที่พักตั้งอยู่ในย่านสนามบินเชียงใหม่ของเชียงใหม่ ผู้เข้าพักจึงได้อยู่ใกล้สถานที่ท่องเที่ยวน่าสนใจและร้านอาหารอร่อยๆ ทริปยังไม่จบถ้าไม่ได้แวะไปที่เที่ยวชื่อดังอย่าง วัดเจดีย์หลวง ด้วยอีกสักที่ ที่พัก 5 ดาวคุณภาพสูงแห่งนี้มี บริการนวด, สระว่ายน้ำกลางแจ้ง และ ฟิตเนสเซ็นเตอร์ คอยอำนวยความสะดวกแก่ผู้เข้าพัก\r\n\r\n', 'สนามบินเชียงใหม่, เชียงใหม่, ไทย, 50100', 3092, 9, 6, 'https://cdn.discordapp.com/attachments/1089483718017687602/1089509366694162432/5252020_18070611020066690671.png', 'https://cdn.discordapp.com/attachments/1089483718017687602/1089509367214252083/5252020_18082601200067669590.png', 'https://cdn.discordapp.com/attachments/1089483718017687602/1089509367566565496/36cedf4f1ef5c51700422b69a40dc78f.png', 'https://cdn.discordapp.com/attachments/1089483718017687602/1089509368011173948/0f7413336ec45fd2061918c108641c91.png'),
(15, 'U Nimman Chiang Mai', 5, 'นอกจากที่พักจะได้รับการรับรองมาตรฐาน SHA Plus ที่พักยังมีบริการ Wi-Fi ฟรีในทุกห้องพัก และที่จอดรถฟรี ที่พักตั้งอยู่ในย่านนิมมานเหมินทร์ของเชียงใหม่ ผู้เข้าพักจึงได้อยู่ใกล้สถานที่ท่องเที่ยวน่าสนใจและร้านอาหารอร่อยๆ ทริปยังไม่จบถ้าไม่ได้แวะไปที่เที่ยวชื่อดังอย่าง วัดเจดีย์หลวง ด้วยอีกสักที่ ที่พัก 5 ดาวคุณภาพสูงแห่งนี้มี สระว่ายน้ำกลางแจ้ง, ห้องซาวน่า และ ฟิตเนสเซ็นเตอร์ คอยอำนวยความสะดวกแก่ผู้เข้าพัก\r\n\r\n', '1 ถนนนิมมานเหมินทร์, ตำบล สุเทพ, อำเภอ เมือง, จ.เชียงใหม่, นิมมานเหมินทร์, เชียงใหม่, ไทย, 50200', 3465, 9, 8, 'https://cdn.discordapp.com/attachments/1089483718017687602/1089510253630066738/22f6aa401169f1a99849069043b615fc.png', 'https://cdn.discordapp.com/attachments/1089483718017687602/1089510254141775892/966398de98fc8307bdfa9c2b73ba4b54.png', 'https://cdn.discordapp.com/attachments/1089483718017687602/1089510254506692709/1373902_17030216000051337815.png', 'https://cdn.discordapp.com/attachments/1089483718017687602/1089510254909329429/1373902_17030111200051309822.png'),
(16, 'ระริน จินดา เวลล์เนส สปา รีสอร์ท', 4, 'นอกจากที่พักจะได้รับการรับรองมาตรฐาน SHA Plus ที่พักยังมีบริการ Wi-Fi ฟรีในทุกห้องพัก และที่จอดรถฟรี ที่พักตั้งอยู่ในย่านริมแม่น้ำเชียงใหม่ของเชียงใหม่ ผู้เข้าพักจึงได้อยู่ใกล้สถานที่ท่องเที่ยวน่าสนใจและร้านอาหารอร่อยๆ ทริปยังไม่จบถ้าไม่ได้แวะไปที่เที่ยวชื่อดังอย่าง วัดเจดีย์หลวง ด้วยอีกสักที่ ที่พัก 5 ดาวคุณภาพสูงแห่งนี้มี ห้องสตรีม, บริการนวด และ สระว่ายน้ำกลางแจ้ง คอยอำนวยความสะดวกแก่ผู้เข้าพัก\r\n\r\n', '14 ถ. เจริญราษฎร์ ต. วัดเกต, ริมแม่น้ำเชียงใหม่, เชียงใหม่, ไทย, 50000', 2559, 9, 5, 'https://cdn.discordapp.com/attachments/1089483718017687602/1089510566697123930/75496_16090818520046263639.png', 'https://cdn.discordapp.com/attachments/1089483718017687602/1089510567502422127/75496_17102712560058386711.png', 'https://cdn.discordapp.com/attachments/1089483718017687602/1089510567808614450/75496_16090818510046263605.png', 'https://cdn.discordapp.com/attachments/1089483718017687602/1089510567137509436/75496_16090818520046263613.png'),
(17, 'โรงแรมฟอร์จูน ดีพลัส เขาใหญ่ (Fortune D Plus Hotel Khaoyai)', 3, 'เที่ยวเขาใหญ่ได้อย่างสบายใจเมื่อเข้าพักที่นี่ ที่พักได้รับใบรับรองมาตรฐาน SHA และมีอินเทอร์เน็ต Wi-Fi ฟรีในทุกห้องพักให้บริการ ที่พักตั้งอยู่ในย่านอุทยานแห่งชาติเขาใหญ่ จึงอยู่ใกล้กับที่เที่ยวมากมาย และสะดวกต่อการเดินทางไปสถานที่ต่างๆ ทริปยังไม่จบถ้าไม่ได้แวะไปที่เที่ยวชื่อดังอย่าง น้ำตกเหวสุวัต ด้วยอีกสักที่ ที่พัก 3 ดาวนี้มีสระว่ายน้ำกลางแจ้ง การเข้าพักจึงผ่อนคลายและสะดวกสบายสุดๆ', '373 หมู่ 4 ตำบล หมูสี, อุทยานแห่งชาติเขาใหญ่, เขาใหญ่, ไทย, 30130', 1105, 7.6, 0, 'https://cdn.discordapp.com/attachments/1089483718017687602/1089510899557073026/219918263.png', 'https://cdn.discordapp.com/attachments/1089483718017687602/1089510899947151370/49dfb7bc27624096082bbddc09a0ff8f.png', 'https://cdn.discordapp.com/attachments/1089483718017687602/1089510900337234002/2156765_17100511030057263254.png', 'https://cdn.discordapp.com/attachments/1089483718017687602/1089510900689535006/cd8348159606baf9e9fe3c27032e7ade.png'),
(18, 'เดอะ เภรี โฮเต็ล เขาใหญ่ (The Peri Hotel Khao Yai)', 4, 'นอกจากที่พักจะได้รับการรับรองมาตรฐาน SHA ที่พักยังมีบริการ Wi-Fi ฟรีในทุกห้องพัก และที่จอดรถฟรี ที่พักตั้งอยู่ในย่านอุทยานแห่งชาติเขาใหญ่ของเขาใหญ่ ผู้เข้าพักจึงได้อยู่ใกล้สถานที่ท่องเที่ยวน่าสนใจและร้านอาหารอร่อยๆ ทริปยังไม่จบถ้าไม่ได้แวะไปที่เที่ยวชื่อดังอย่าง น้ำตกเหวสุวัต ด้วยอีกสักที่ ที่พัก 4 ดาวคุณภาพสูงแห่งนี้มี สระว่ายน้ำในร่ม, บริการนวด และ สระว่ายน้ำกลางแจ้ง คอยอำนวยความสะดวกแก่ผู้เข้าพัก', '329 ถนนผ่านศึก-กุดคล้า ตำบลพญาเย็นอำเภอปากช่อง จังหวัดนครราชสีมา, อุทยานแห่งชาติเขาใหญ่, เขาใหญ่, ไทย, 30130', 1985, 8.5, 15, 'https://cdn.discordapp.com/attachments/1089483718017687602/1089511333176815657/eee4be6447a2608764f965d95912a453.png', 'https://cdn.discordapp.com/attachments/1089483718017687602/1089511334405734521/6d323e1e16d69525ae64e69363d263cc.png', 'https://cdn.discordapp.com/attachments/1089483718017687602/1089511333923401809/085f33dd2d2c159b1e86f2787e21b35b.png', 'https://cdn.discordapp.com/attachments/1089483718017687602/1089511333562679296/cb0697a146d6021b92f6e32026eceb27.png'),
(19, 'ออนฮิลล์ วิลเลจ (On hill Village)', 3, 'ที่พักให้บริการที่จอดรถฟรีเพื่อการเดินทางเข้าออกที่พักได้อย่างสะดวกสบาย รวมถึง Wi-Fi ฟรีให้ท่องเน็ตได้ทุกเมื่อ ที่พักตั้งอยู่ในย่านอุทยานแห่งชาติเขาใหญ่ของเขาใหญ่ ผู้เข้าพักจึงได้อยู่ใกล้สถานที่ท่องเที่ยวน่าสนใจและร้านอาหารอร่อยๆ ทริปยังไม่จบถ้าไม่ได้แวะไปที่เที่ยวชื่อดังอย่าง น้ำตกเหวสุวัต ด้วยอีกสักที่', '214/1 หมู่ 4 ตำบลโป่งตาลอง อำเภอปากช่อง จังหวัดนครราชสีมา, อุทยานแห่งชาติเขาใหญ่, เขาใหญ่, ไทย, 30130', 1161, 8.6, 10, 'https://cdn.discordapp.com/attachments/1089483718017687602/1089511728162799748/fc214710d7e5ae7bcb890f3ec43b0c27.png', 'https://cdn.discordapp.com/attachments/1089483718017687602/1089511728540295288/1415826_16110214010048348325.png', 'https://cdn.discordapp.com/attachments/1089483718017687602/1089511771020214374/ec141dbe2b6d5aa25f38b2ea77bb331c.png', 'https://cdn.discordapp.com/attachments/1089483718017687602/1089511729119117412/d1f8f0c6cb2819d43ac288b14a203f61.png'),
(20, 'อัตตา เลคไซด์ รีสอร์ท สวีท (atta Lakeside Resort Suite)', 5, 'นอกจากที่พักจะได้รับการรับรองมาตรฐาน SHA Plus ที่พักยังมีบริการ Wi-Fi ฟรีในทุกห้องพัก และที่จอดรถฟรี ที่พักตั้งอยู่ในย่านอุทยานแห่งชาติเขาใหญ่ของเขาใหญ่ ผู้เข้าพักจึงได้อยู่ใกล้สถานที่ท่องเที่ยวน่าสนใจและร้านอาหารอร่อยๆ ทริปยังไม่จบถ้าไม่ได้แวะไปที่เที่ยวชื่อดังอย่าง น้ำตกเหวสุวัต ด้วยอีกสักที่ ที่พัก 5 ดาวคุณภาพสูงแห่งนี้มี ห้องสตรีม, บริการนวด และ สระว่ายน้ำกลางแจ้ง คอยอำนวยความสะดวกแก่ผู้เข้าพัก', '1/3 Moo 6 Thanarat Road, Moo-Si, Pakching, Nakornratchasima, Thailand , 30130 , อุทยานแห่งชาติเขาใหญ่, เขาใหญ่, ไทย, 30130', 3487, 8.9, 10, 'https://cdn.discordapp.com/attachments/1089483718017687602/1089532281070305431/a178d6fe149cf0404d646a88cf0f84d9.png', 'https://cdn.discordapp.com/attachments/1089483718017687602/1089532281774952508/6d3515c7d3d56204dfde3728e2f2cf81.png', 'https://cdn.discordapp.com/attachments/1089483718017687602/1089532282299224155/947502_16080114210045092340.png', 'https://cdn.discordapp.com/attachments/1089483718017687602/1089532282701889596/947502_16080114280045092731.png'),
(21, 'มุติ มายา ฟอเรสต์ พูล วิลลา รีสอร์ท (Muthi Maya Forest Pool Villa Resort)', 5, 'นอกจากที่พักจะได้รับการรับรองมาตรฐาน SHA Plus ที่พักยังมีบริการ Wi-Fi ฟรีในทุกห้องพัก และที่จอดรถฟรี ที่พักตั้งอยู่ในย่านอุทยานแห่งชาติเขาใหญ่ของเขาใหญ่ ผู้เข้าพักจึงได้อยู่ใกล้สถานที่ท่องเที่ยวน่าสนใจและร้านอาหารอร่อยๆ ทริปยังไม่จบถ้าไม่ได้แวะไปที่เที่ยวชื่อดังอย่าง น้ำตกเหวสุวัต ด้วยอีกสักที่ ที่พัก 5 ดาวคุณภาพสูงแห่งนี้มี สระว่ายน้ำในร่ม, ห้องสตรีม และ บริการนวด คอยอำนวยความสะดวกแก่ผู้เข้าพัก', '1/3 หมู่ 6 ถนนธนะรัชต์ หมูสี, อุทยานแห่งชาติเขาใหญ่, เขาใหญ่, ไทย, 30130', 6470, 9, 20, 'https://cdn.discordapp.com/attachments/1089483718017687602/1089532592350568509/37879217984ef1bfed31f02efbe56abf.png', 'https://cdn.discordapp.com/attachments/1089483718017687602/1089532592828723380/193562_16111018240048618865.png', 'https://cdn.discordapp.com/attachments/1089483718017687602/1089532593281716285/193562_16111018130048618616.png', 'https://cdn.discordapp.com/attachments/1089483718017687602/1089532593671774218/193562_16111110420048635145.png'),
(22, 'นอนชิลล์ เขาใหญ่ (Nornchill Khaoyai Hotel)', 3, 'เที่ยวเขาใหญ่ได้อย่างสบายใจเมื่อเข้าพักที่นี่ ที่พักได้รับใบรับรองมาตรฐาน SHA Plus และมีอินเทอร์เน็ต Wi-Fi ฟรีในทุกห้องพักให้บริการ ที่พักตั้งอยู่ในย่านอุทยานแห่งชาติเขาใหญ่ของเขาใหญ่ ผู้เข้าพักจึงได้อยู่ใกล้สถานที่ท่องเที่ยวน่าสนใจและร้านอาหารอร่อยๆ ทริปยังไม่จบถ้าไม่ได้แวะไปที่เที่ยวชื่อดังอย่าง น้ำตกเหวสุวัต ด้วยอีกสักที่ ที่พัก 3 ดาวนี้มีสิ่งอำนวยความสะดวกที่จะช่วยเพิ่มความผ่อนคลายสูงสุดให้แก่ผู้เข้าพัก', '91/8 Moo8 Nongnamdang Sub-Distirct Pakchong District Nakhonratchasima, Thailand, อุทยานแห่งชาติเขาใหญ่, เขาใหญ่, ไทย, 30450', 1039, 8.5, 10, 'https://cdn.discordapp.com/attachments/1089483718017687602/1089532932168896542/3e5979fa04fef56a6722298353ea9045.png', 'https://cdn.discordapp.com/attachments/1089483718017687602/1089532932550570014/b18c708fa8e814a05cac69e17aeb60c1.png', 'https://cdn.discordapp.com/attachments/1089483718017687602/1089532932978397184/82204109681e360cc00911357a811b8f.png', 'https://cdn.discordapp.com/attachments/1089483718017687602/1089532933309739079/7ceb1abea6052b7e536473e72f8f6810.png'),
(23, 'โอโซน โฮเทล เขาใหญ่ (Ozone Hotel Khaoyai)', 3, 'นอกจากที่พักจะได้รับการรับรองมาตรฐาน SHA ที่พักยังมีบริการ Wi-Fi ฟรีในทุกห้องพัก และที่จอดรถฟรี ที่พักตั้งอยู่ในย่านอุทยานแห่งชาติเขาใหญ่ของเขาใหญ่ ผู้เข้าพักจึงได้อยู่ใกล้สถานที่ท่องเที่ยวน่าสนใจและร้านอาหารอร่อยๆ ทริปยังไม่จบถ้าไม่ได้แวะไปที่เที่ยวชื่อดังอย่าง น้ำตกเหวสุวัต ด้วยอีกสักที่ ที่พัก 3 ดาวคุณภาพสูงแห่งนี้มี สระว่ายน้ำในร่ม และ สระว่ายน้ำกลางแจ้ง คอยอำนวยความสะดวกแก่ผู้เข้าพัก', '999 Moo 17, Musi, Pakchong, Nakhonratchasima, อุทยานแห่งชาติเขาใหญ่, เขาใหญ่, ไทย, 30130', 1110, 8.1, 10, 'https://cdn.discordapp.com/attachments/1089483718017687602/1089533300026122342/334c2cd0afae4c6f257a60d3476d7aa0.png', 'https://cdn.discordapp.com/attachments/1089483718017687602/1089533301200539668/89dff45a3777dff68804e1856fae7aa7.png', 'https://cdn.discordapp.com/attachments/1089483718017687602/1089533300399423668/97978a899383d87dbecfa80409aabc80.png', 'https://cdn.discordapp.com/attachments/1089483718017687602/1089533300718182470/580961c74a5198390f1a55622c81a21d.png'),
(24, 'หรรษา ไทยเวลเนส (Hansar Thai Wellness)', 3, 'ที่พักให้บริการที่จอดรถฟรีเพื่อการเดินทางเข้าออกที่พักได้อย่างสะดวกสบาย รวมถึง Wi-Fi ฟรีให้ท่องเน็ตได้ทุกเมื่อ ที่พักตั้งอยู่ในย่านอุทยานแห่งชาติเขาใหญ่ของเขาใหญ่ ผู้เข้าพักจึงได้อยู่ใกล้สถานที่ท่องเที่ยวน่าสนใจและร้านอาหารอร่อยๆ ทริปยังไม่จบถ้าไม่ได้แวะไปที่เที่ยวชื่อดังอย่าง น้ำตกเหวสุวัต ด้วยอีกสักที่ ที่พัก 3 ดาวคุณภาพสูงแห่งนี้มี สระว่ายน้ำในร่ม, ห้องสตรีม และ บริการนวด คอยอำนวยความสะดวกแก่ผู้เข้าพัก', '223 หมู่ 10 ตำบล หมูสี ปากช่อง นครราชสีมา ประเทศไทย, อุทยานแห่งชาติเขาใหญ่, เขาใหญ่, ไทย, 30130', 1949, 8.6, 10, 'https://cdn.discordapp.com/attachments/1089483718017687602/1089533764683706538/7a8721f9265dd54426e0545c6ca268e2.png', 'https://cdn.discordapp.com/attachments/1089483718017687602/1089533765606445137/a48ae36d8b32523fb05c3d2f9e607608.png', 'https://cdn.discordapp.com/attachments/1089483718017687602/1089533765086363779/3b1248473406e83ef1fc59540ddbf5d7.png', 'https://cdn.discordapp.com/attachments/1089483718017687602/1089533765996523650/cb12087111c2d4fa2b238d56a52108c3.png'),
(25, 'เวลาเวียน รีสอร์ท (Veravian Resort)', 4, 'ที่พักนี้มีบริการที่จอดรถฟรี ช่วยให้การเดินทางสะดวกยิ่งขึ้นไปอีก ที่พักตั้งอยู่ในย่านวังน้ำเขียวของเขาใหญ่ ผู้เข้าพักจึงได้อยู่ใกล้สถานที่ท่องเที่ยวน่าสนใจและร้านอาหารอร่อยๆ ทริปยังไม่จบถ้าไม่ได้แวะไปที่เที่ยวชื่อดังอย่าง น้ำตกเหวสุวัต ด้วยอีกสักที่ ที่พัก 3.5 ดาวคุณภาพสูงแห่งนี้มี บริการนวด, สระว่ายน้ำกลางแจ้ง และ ห้องอาหาร คอยอำนวยความสะดวกแก่ผู้เข้าพัก', '98 หมู่ 15 หมู่บ้านโพธิ์ทองพัฒนา, วังน้ำเขียว, วังน้ำเขียว, เขาใหญ่, ไทย, 30370', 1167, 7.5, 15, 'https://cdn.discordapp.com/attachments/1089483718017687602/1089534133836976158/6f2bb1915ed034bae4130e80b70502bc.png', 'https://cdn.discordapp.com/attachments/1089483718017687602/1089534133522415756/281787_19120309280084783393.png', 'https://cdn.discordapp.com/attachments/1089483718017687602/1089534133157503077/281787_16101216550047681182.png', 'https://cdn.discordapp.com/attachments/1089483718017687602/1089534134201884733/a788db51f2fe0ba7aca5ad1131e3d2fb.png'),
(26, 'เดอะ ซีรีส์ รีสอร์ต เขาใหญ่ (The Series Resort Khaoyai)', 5, 'ที่พักให้บริการที่จอดรถฟรีเพื่อการเดินทางเข้าออกที่พักได้อย่างสะดวกสบาย รวมถึง Wi-Fi ฟรีให้ท่องเน็ตได้ทุกเมื่อ ที่พักตั้งอยู่ในย่านอุทยานแห่งชาติเขาใหญ่ของเขาใหญ่ ผู้เข้าพักจึงได้อยู่ใกล้สถานที่ท่องเที่ยวน่าสนใจและร้านอาหารอร่อยๆ ทริปยังไม่จบถ้าไม่ได้แวะไปที่เที่ยวชื่อดังอย่าง น้ำตกเหวสุวัต ด้วยอีกสักที่ ที่พัก 5 ดาวคุณภาพสูงแห่งนี้มี บริการนวด, สระว่ายน้ำกลางแจ้ง และ ฟิตเนสเซ็นเตอร์ คอยอำนวยความสะดวกแก่ผู้เข้าพัก', '161/1 หมู่3 ถนนผ่านศึก-กุดคล้า ตำบลหนองนำ้แดง อำเภอปากช่อง, อุทยานแห่งชาติเขาใหญ่, เขาใหญ่, ไทย, 30130', 4647, 9.4, 10, 'https://cdn.discordapp.com/attachments/1089483718017687602/1089843549928951890/1625771_17020823520050871308.png', 'https://cdn.discordapp.com/attachments/1089483718017687602/1089843550302240778/1625771_17020418460050781155.png', 'https://cdn.discordapp.com/attachments/1089483718017687602/1089843550679748608/1625771_17020900060050871405.png', 'https://cdn.discordapp.com/attachments/1089483718017687602/1089843551258542111/1625771_17020823520050871317.png'),
(27, 'เซอร์เจมส์ รีสอร์ท (Sir James Resort)', 4, 'นอกจากที่พักจะได้รับการรับรองมาตรฐาน SHA ที่พักยังมีบริการ Wi-Fi ฟรีในทุกห้องพัก และที่จอดรถฟรี ที่พักตั้งอยู่ในย่านมวกเหล็กของเขาใหญ่ ผู้เข้าพักจึงได้อยู่ใกล้สถานที่ท่องเที่ยวน่าสนใจและร้านอาหารอร่อยๆ ทริปยังไม่จบถ้าไม่ได้แวะไปที่เที่ยวชื่อดังอย่าง น้ำตกเหวสุวัต ด้วยอีกสักที่ ที่พัก 4 ดาวคุณภาพสูงแห่งนี้มี บริการนวด, สระว่ายน้ำกลางแจ้ง และ ฟิตเนสเซ็นเตอร์ คอยอำนวยความสะดวกแก่ผู้เข้าพัก', '195 หมู่3 ตำบลมิตรภาพ อำเภอมวกเหล็ก, มวกเหล็ก, เขาใหญ่, ไทย, 18180', 1575, 8.3, 10, 'https://cdn.discordapp.com/attachments/1089483718017687602/1089843840896204810/399220_17022212180051176730.png', 'https://cdn.discordapp.com/attachments/1089483718017687602/1089843842703949874/399220_17022315470051211917.png', 'https://cdn.discordapp.com/attachments/1089483718017687602/1089843841890275368/399220_17022212180051176703.png', 'https://cdn.discordapp.com/attachments/1089483718017687602/1089843841328234507/399220_17022213460051179903.png'),
(28, 'Diamond Hill Resort', 3, 'ที่พักให้บริการที่จอดรถฟรีเพื่อการเดินทางเข้าออกที่พักได้อย่างสะดวกสบาย รวมถึง Wi-Fi ฟรีให้ท่องเน็ตได้ทุกเมื่อ ที่พักตั้งอยู่ในย่านอุทยานแห่งชาติเขาใหญ่ของเขาใหญ่ ผู้เข้าพักจึงได้อยู่ใกล้สถานที่ท่องเที่ยวน่าสนใจและร้านอาหารอร่อยๆ ทริปยังไม่จบถ้าไม่ได้แวะไปที่เที่ยวชื่อดังอย่าง น้ำตกเหวสุวัต ด้วยอีกสักที่ ที่พัก 3 ดาวคุณภาพสูงแห่งนี้มี สระว่ายน้ำในร่ม, สระว่ายน้ำกลางแจ้ง และ ห้องอาหาร คอยอำนวยความสะดวกแก่ผู้เข้าพัก', '201 หมู่ที่ 2 ถนนราชสุทธาจารย์ ต.หนองน้ำแดง อ.ปากช่อง, อุทยานแห่งชาติเขาใหญ่, เขาใหญ่, ไทย, 30130', 799, 7.4, 20, 'https://cdn.discordapp.com/attachments/1089483718017687602/1089844493617987625/ade1a0234ae1936d8868a29ae60d74bc.png', 'https://cdn.discordapp.com/attachments/1089483718017687602/1089844494410719262/c1a12bd5c80c064eb2e2f0fa439ff9fa.png', 'https://cdn.discordapp.com/attachments/1089483718017687602/1089844494830141521/d8e0a90f5ad7788da318a599e020778e.png', 'https://cdn.discordapp.com/attachments/1089483718017687602/1089844494070992897/0c13f96efabad722a4bd7ed4ab95dfa0.png'),
(29, 'รีคอล อีส้าน อีสาน คอนเซ็ปท์ แอท เขาใหญ่ (Recall Isaan Isan Concept at Khaoyai)', 5, 'นอกจากที่พักจะได้รับการรับรองมาตรฐาน SHA ที่พักยังมีบริการ Wi-Fi ฟรีในทุกห้องพัก และที่จอดรถฟรี ที่พักตั้งอยู่ในย่านอุทยานแห่งชาติเขาใหญ่ของเขาใหญ่ ผู้เข้าพักจึงได้อยู่ใกล้สถานที่ท่องเที่ยวน่าสนใจและร้านอาหารอร่อยๆ ทริปยังไม่จบถ้าไม่ได้แวะไปที่เที่ยวชื่อดังอย่าง น้ำตกเหวสุวัต ด้วยอีกสักที่ ที่พัก 4.5 ดาวคุณภาพสูงแห่งนี้มี บริการนวด, สระว่ายน้ำกลางแจ้ง และ ห้องอาหาร คอยอำนวยความสะดวกแก่ผู้เข้าพัก', 'Thanon Thanaratch, อุทยานแห่งชาติเขาใหญ่, เขาใหญ่, ไทย, 30130', 1788, 8.5, 20, 'https://cdn.discordapp.com/attachments/1089483718017687602/1089845185497812992/e378a6de0924c1898cfc64432ec4b6ae.png', 'https://cdn.discordapp.com/attachments/1089483718017687602/1089845186361835582/6c6c828bbe45c40b61c3a1751c4bc9aa.png', 'https://cdn.discordapp.com/attachments/1089483718017687602/1089845185892065320/5060671_20013016100087636567.png', 'https://cdn.discordapp.com/attachments/1089483718017687602/1089845186743508992/d5cb7bc17773b376ed5168cc9a344c82.png'),
(30, 'ศาลาเขาใหญ่ (Sala Khaoyai)', 4, 'นอกจากที่พักจะได้รับการรับรองมาตรฐาน SHA ที่พักยังมีบริการ Wi-Fi ฟรีในทุกห้องพัก และที่จอดรถฟรี ที่พักตั้งอยู่ในย่านอุทยานแห่งชาติเขาใหญ่ของเขาใหญ่ ผู้เข้าพักจึงได้อยู่ใกล้สถานที่ท่องเที่ยวน่าสนใจและร้านอาหารอร่อยๆ ทริปยังไม่จบถ้าไม่ได้แวะไปที่เที่ยวชื่อดังอย่าง น้ำตกเหวสุวัต ด้วยอีกสักที่ ที่พัก 4 ดาวคุณภาพสูงแห่งนี้มี บริการนวด, สระว่ายน้ำกลางแจ้ง และ ห้องซาวน่า คอยอำนวยความสะดวกแก่ผู้เข้าพัก', '99 หมู่ 11, วังกะทะ, ปากช่อง นครราชสีมา, อุทยานแห่งชาติเขาใหญ่, เขาใหญ่, ไทย, 30130', 6900, 8.7, 10, 'https://cdn.discordapp.com/attachments/1089483718017687602/1089845823975718932/209973_14010616380018010646.png', 'https://cdn.discordapp.com/attachments/1089483718017687602/1089845824344825896/6501fed95f9b77b1de997977e272cbeb.png', 'https://cdn.discordapp.com/attachments/1089483718017687602/1089845824646828113/62f70d4695994f807aec604d1584cc1b.png', 'https://cdn.discordapp.com/attachments/1089483718017687602/1089845825003323472/2d12287cdd3c8b0578a8f5c72df759be.png'),
(31, 'ภูคำหอม รีสอร์ท (Phukumhom Resort)', 5, 'ที่พักให้บริการที่จอดรถฟรีเพื่อการเดินทางเข้าออกที่พักได้อย่างสะดวกสบาย รวมถึง Wi-Fi ฟรีให้ท่องเน็ตได้ทุกเมื่อ ที่พักตั้งอยู่ในย่านอุทยานแห่งชาติเขาใหญ่ของเขาใหญ่ ผู้เข้าพักจึงได้อยู่ใกล้สถานที่ท่องเที่ยวน่าสนใจและร้านอาหารอร่อยๆ ทริปยังไม่จบถ้าไม่ได้แวะไปที่เที่ยวชื่อดังอย่าง น้ำตกเหวสุวัต ด้วยอีกสักที่ ที่พัก 4.5 ดาวคุณภาพสูงแห่งนี้มี บริการนวด, สระว่ายน้ำกลางแจ้ง และ ห้องอาหาร คอยอำนวยความสะดวกแก่ผู้เข้าพัก', '28 หมู่ 22 ต.วังกะทะ อ.ปากช่อง, อุทยานแห่งชาติเขาใหญ่, เขาใหญ่, ไทย, 30130', 2666, 8.4, 20, 'https://cdn.discordapp.com/attachments/1089483718017687602/1089847316602699817/295301_14112114010023526006.png', 'https://cdn.discordapp.com/attachments/1089483718017687602/1089847317475115008/295301_14032521020018853130.png', 'https://cdn.discordapp.com/attachments/1089483718017687602/1089847317026320384/295301_120123175414456.png', 'https://cdn.discordapp.com/attachments/1089483718017687602/1089847317894537236/18369925.png'),
(32, 'Juldis J2 Khao Yai', 2, 'ที่พักนี้มีบริการอินเทอร์เน็ต Wi-Fi ฟรีในทุกห้องพัก ช่วยให้การเดินทางสะดวกยิ่งขึ้นไปอีก ที่พักตั้งอยู่ในย่านอุทยานแห่งชาติเขาใหญ่ จึงอยู่ใกล้กับที่เที่ยวมากมาย และสะดวกต่อการเดินทางไปสถานที่ต่างๆ ทริปยังไม่จบถ้าไม่ได้แวะไปที่เที่ยวชื่อดังอย่าง น้ำตกเหวสุวัต ด้วยอีกสักที่', 'อุทยานแห่งชาติเขาใหญ่, เขาใหญ่, ไทย', 604, 7.8, 2, 'https://cdn.discordapp.com/attachments/1089483718017687602/1089847897434103828/7403a0636285728f02f93a3f65a629a4.png', 'https://cdn.discordapp.com/attachments/1089483718017687602/1089847898151321682/13997245.png', 'https://cdn.discordapp.com/attachments/1089483718017687602/1089847898461708329/8982f095c53087e3ca160af490186fcd.png', 'https://cdn.discordapp.com/attachments/1089483718017687602/1089847897811603487/f56f3413cab34afc2febfcca25762c53.png'),
(33, 'เซเรนิตี้ โฮเทล แอนด์ สปา ออนเซ็น (Serenity Hotel & Spa Onsen)', 3, 'นอกจากที่พักจะได้รับการรับรองมาตรฐาน SHA ที่พักยังมีบริการ Wi-Fi ฟรีในทุกห้องพัก และที่จอดรถฟรี ที่พักตั้งอยู่ในย่านกบินทร์บุรี จึงอยู่ใกล้กับที่เที่ยวมากมาย และสะดวกต่อการเดินทางไปสถานที่ต่างๆ ที่พัก 3.5 ดาวคุณภาพสูงแห่งนี้มี อ่างแช่น้ำพุร้อน, สระว่ายน้ำในร่ม และ บริการนวด คอยอำนวยความสะดวกแก่ผู้เข้าพัก', '222 หมู่ 9 ถนนสุวรรณศร ตำบลเมืองเก่า อำเภอกบินทร์บุรี, กบินทร์บุรี, ปราจีนบุรี, ไทย, 25240', 1346, 8.9, 10, 'https://cdn.discordapp.com/attachments/1089483718017687602/1089848197469442109/03d5121e30eef7b6f2b15ba03d62d941.png', 'https://cdn.discordapp.com/attachments/1089483718017687602/1089848197817573399/e90dfffc0ffe11420fee31af1e7f0729.png', 'https://cdn.discordapp.com/attachments/1089483718017687602/1089848198102782033/1161256_17011719490050367046.png', 'https://cdn.discordapp.com/attachments/1089483718017687602/1089848198438342757/2980a76b0cb3af7b9fc4c11624a0b79b.png'),
(34, 'เดอะ คาแนล 304 (The Canal 304)', 4, 'นอกจากที่พักจะได้รับการรับรองมาตรฐาน SHA ที่พักยังมีบริการ Wi-Fi ฟรีในทุกห้องพัก และที่จอดรถฟรี ที่พักตั้งอยู่ในย่านศรีมหาโพธิ์ จึงอยู่ใกล้กับที่เที่ยวมากมาย และสะดวกต่อการเดินทางไปสถานที่ต่างๆ ที่พัก 4 ดาวคุณภาพสูงแห่งนี้มี ห้องสตรีม, บริการนวด และ สระว่ายน้ำกลางแจ้ง คอยอำนวยความสะดวกแก่ผู้เข้าพัก', '888 ม.10 ต.ท่าตูม อ.ศรีมหาโพธิ ปราจีนบุรี, ศรีมหาโพธิ์, ปราจีนบุรี, ไทย, 25140', 899, 9, 8, 'https://cdn.discordapp.com/attachments/1089483718017687602/1089848559488208896/a96328c2c2148ca9286dac5385c53ca9.png', 'https://cdn.discordapp.com/attachments/1089483718017687602/1089848559966371850/2282347_17052522120053238811.png', 'https://cdn.discordapp.com/attachments/1089483718017687602/1089848560385789962/2282347_17052522520053238993.png', 'https://cdn.discordapp.com/attachments/1089483718017687602/1089848560956227594/2282347_17052522520053238998.png'),
(35, 'Siamdasada Khaoyai', 4, 'ที่พักให้บริการที่จอดรถฟรีเพื่อการเดินทางเข้าออกที่พักได้อย่างสะดวกสบาย รวมถึง Wi-Fi ฟรีให้ท่องเน็ตได้ทุกเมื่อ ที่พักตั้งอยู่ในย่านซิตี้เซ็นเตอร์ จึงอยู่ใกล้กับที่เที่ยวมากมาย และสะดวกต่อการเดินทางไปสถานที่ต่างๆ ที่พัก 4 ดาวคุณภาพสูงแห่งนี้มี สระว่ายน้ำในร่ม, สระว่ายน้ำกลางแจ้ง และ ห้องอาหาร คอยอำนวยความสะดวกแก่ผู้เข้าพัก', '179 หมู่ 12 ถนน ปราจีน-เขาใหญ่ ต.เนินหอม, ซิตี้เซ็นเตอร์, ปราจีนบุรี, ไทย, 25230', 1767, 8, 6, 'https://cdn.discordapp.com/attachments/1089483718017687602/1089848846605094962/37b8ed5e475130a2e6f78ca63314ad77.png', 'https://cdn.discordapp.com/attachments/1089483718017687602/1089848847871787078/f485d05d1aea2fcf02562d9f21c9bdff.png', 'https://cdn.discordapp.com/attachments/1089483718017687602/1089848847544619168/785606_16052616300042760146.png', 'https://cdn.discordapp.com/attachments/1089483718017687602/1089848847045509171/536afd94ce4c2c3f076ac0754e903cb6.png'),
(36, 'เดอะ เวโรนา แอท ทับลาน (SHA Plus+) (The Verona at Tub Lan (SHA Plus+))', 3, 'นอกจากที่พักจะได้รับการรับรองมาตรฐาน SHA Plus ที่พักยังมีบริการ Wi-Fi ฟรีในทุกห้องพัก และที่จอดรถฟรี ที่พักตั้งอยู่ในย่านนาดี จึงอยู่ใกล้กับที่เที่ยวมากมาย และสะดวกต่อการเดินทางไปสถานที่ต่างๆ ที่พัก 3.5 ดาวคุณภาพสูงแห่งนี้มี สระว่ายน้ำกลางแจ้ง และ ห้องอาหาร คอยอำนวยความสะดวกแก่ผู้เข้าพัก', '270 หมู่ 6, นาดี, ปราจีนบุรี, ไทย, 25220', 3712, 8.2, 9, 'https://cdn.discordapp.com/attachments/1089483718017687602/1089849239812710421/1265136_16062918360044251769.png', 'https://cdn.discordapp.com/attachments/1089483718017687602/1089849240110514236/1265136_16062918480044252234.png', 'https://cdn.discordapp.com/attachments/1089483718017687602/1089849240471228468/8b860fbb26e7db832db78fe8b39b5c61.png', 'https://cdn.discordapp.com/attachments/1089483718017687602/1089849240928403477/ae881cd1258a9383c0ebe262c55d5a25.png'),
(37, 'โรงแรมแคนทารี่ กบินทร์บุรี (SHA Extra Plus) (Kantary Hotel Kabinburi (SHA Extra Plus))', 4, 'นอกจากที่พักจะได้รับการรับรองมาตรฐาน SHA ที่พักยังมีบริการ Wi-Fi ฟรีในทุกห้องพัก และที่จอดรถฟรี ที่พักตั้งอยู่ในย่านกบินทร์บุรี จึงอยู่ใกล้กับที่เที่ยวมากมาย และสะดวกต่อการเดินทางไปสถานที่ต่างๆ ที่พัก 4 ดาวคุณภาพสูงแห่งนี้มี สระว่ายน้ำในร่ม, ห้องสตรีม และ สระว่ายน้ำกลางแจ้ง คอยอำนวยความสะดวกแก่ผู้เข้าพัก', '349, 349 /2 หมู่ที่8 ต.เมืองเก่า อ.กบินทร์บุรี, กบินทร์บุรี, ปราจีนบุรี, ไทย, 25240', 1779, 8.8, 10, 'https://cdn.discordapp.com/attachments/1089483718017687602/1089849509955260498/d362645ed6aec8bf35cadadf5bb47375.png', 'https://cdn.discordapp.com/attachments/1089483718017687602/1089849510991249528/172325_16032512110041062090.png', 'https://cdn.discordapp.com/attachments/1089483718017687602/1089849510655709235/172325_16120212260049349768.png', 'https://cdn.discordapp.com/attachments/1089483718017687602/1089849510332731402/63998a3d03c1beada05ec2bb13886a08.png'),
(38, 'ทวาราวดี รีสอร์ต - เบสต์เวสเทิร์น ซิกเนเจอร์ คอลเลคชั่น (Tawaravadee Resort - Best Western Signature', 4, 'นอกจากที่พักจะได้รับการรับรองมาตรฐาน SHA ที่พักยังมีบริการ Wi-Fi ฟรีในทุกห้องพัก และที่จอดรถฟรี ที่พักตั้งอยู่ในย่านศรีมหาโพธิ์ จึงอยู่ใกล้กับที่เที่ยวมากมาย และสะดวกต่อการเดินทางไปสถานที่ต่างๆ ที่พัก 4 ดาวคุณภาพสูงแห่งนี้มี สระว่ายน้ำกลางแจ้ง, ฟิตเนสเซ็นเตอร์ และ ห้องอาหาร คอยอำนวยความสะดวกแก่ผู้เข้าพัก', '77 หมู่ 7 ต.ท่าตูม ปราจีนบุรี, ศรีมหาโพธิ์, ปราจีนบุรี, ไทย, 25140', 1043, 7.7, 8, 'https://cdn.discordapp.com/attachments/1089483718017687602/1089849847638667275/49018_16100316340047275266.png', 'https://cdn.discordapp.com/attachments/1089483718017687602/1089849847349256223/d837cadde015f7392c91340aa4635c12.png', 'https://cdn.discordapp.com/attachments/1089483718017687602/1089849847059841064/238f26daa805de9288609f7ce551bc90.png', 'https://cdn.discordapp.com/attachments/1089483718017687602/1089849846686560296/19cc678319aa1a9b938641f73f7a45e1.png'),
(39, 'The Choice 304 (เดอะ ช้อยซ์ 304)', 3, 'ที่พักนี้มีบริการอินเทอร์เน็ต Wi-Fi ฟรีในทุกห้องพัก ช่วยให้การเดินทางสะดวกยิ่งขึ้นไปอีก ที่พักตั้งอยู่ในย่านศรีมหาโพธิ์ จึงอยู่ใกล้กับที่เที่ยวมากมาย และสะดวกต่อการเดินทางไปสถานที่ต่างๆ ที่พัก 3 ดาวนี้มีสิ่งอำนวยความสะดวกที่จะช่วยเพิ่มความผ่อนคลายสูงสุดให้แก่ผู้เข้าพัก', 'ซอย หมู่บ้านบ้านชาวฟ้า, ศรีมหาโพธิ์, ปราจีนบุรี, ไทย, 25140', 589, 8.3, 6, 'https://cdn.discordapp.com/attachments/1089483718017687602/1089850244952506439/23b5e37fa080f661ff45da90ea823974.png', 'https://cdn.discordapp.com/attachments/1089483718017687602/1089850243899740200/7b89aa9a46cea0fe729dd3964d7175ed.png', 'https://cdn.discordapp.com/attachments/1089483718017687602/1089850244650520616/49126fc4910637a11f4b0ad36bdd4e7d.png', 'https://cdn.discordapp.com/attachments/1089483718017687602/1089850244340133938/8caf164ded5fc1b61e864effcf97cdfa.png'),
(40, 'เบอร์กันดี เรสซิเดนซ์ 304 (SHA Extra Plus) (Burgundy Residence 304 (SHA Extra Plus))', 3, 'นอกจากที่พักจะได้รับการรับรองมาตรฐาน SHA Plus ที่พักยังมีบริการ Wi-Fi ฟรีในทุกห้องพัก และที่จอดรถฟรี ที่พักตั้งอยู่ในย่านศรีมหาโพธิ์ จึงอยู่ใกล้กับที่เที่ยวมากมาย และสะดวกต่อการเดินทางไปสถานที่ต่างๆ ที่พัก 3.5 ดาวคุณภาพสูงแห่งนี้มี อ่างแช่น้ำพุร้อน, ห้องสตรีม และ บริการนวด คอยอำนวยความสะดวกแก่ผู้เข้าพัก', '690 หมู่ 10 ท่าตูม, อ.ศรีมหาโพธิ จ.ปราจีนบุรี, ศรีมหาโพธิ์, ปราจีนบุรี, ไทย, 25140', 1394, 9.2, 10, 'https://cdn.discordapp.com/attachments/1089483718017687602/1089850555108691998/953d4edbe4ec472fda0e3965277578ab.png', 'https://cdn.discordapp.com/attachments/1089483718017687602/1089850556249538590/97eb3fbc896a65f09431a10fe3139216.png', 'https://cdn.discordapp.com/attachments/1089483718017687602/1089850555880443954/96943da0ac3ef8735edc6f9db5fc8a14.png', 'https://cdn.discordapp.com/attachments/1089483718017687602/1089850555544895539/2159440_17040514540052138357.png'),
(41, 'โฮม เรสซิเดนซ์ (Home Rezidence)', 2, 'นอกจากที่พักจะได้รับการรับรองมาตรฐาน SHA ที่พักยังมีบริการ Wi-Fi ฟรีในทุกห้องพัก และที่จอดรถฟรี ที่พักตั้งอยู่ในย่านศรีมหาโพธิ์ จึงอยู่ใกล้กับที่เที่ยวมากมาย และสะดวกต่อการเดินทางไปสถานที่ต่างๆ ที่พักมีบริการนวด และ ห้องอาหาร ช่วยให้วันพักผ่อนสะดวกสบายผ่อนคลายขึ้นไปอีกขั้น', '659 หมู่10 ต.ท่าตูม อ.ศรีมหาโพธิ์, ศรีมหาโพธิ์, ปราจีนบุรี, ไทย, 25140', 499, 7.8, 8, 'https://cdn.discordapp.com/attachments/1089483718017687602/1089851097386074162/4c6c37d2285a5ba7301e5bab4ff7ed40.png', 'https://cdn.discordapp.com/attachments/1089483718017687602/1089851098409484318/1620461_16110317240048398866.png', 'https://cdn.discordapp.com/attachments/1089483718017687602/1089851097709039646/1620461_16110817520048545320.png', 'https://cdn.discordapp.com/attachments/1089483718017687602/1089851098023591936/1620461_16110317260048398917.png'),
(42, 'เดอะ เรสซิเดนซ์ ปราจีนบุรี (The Residence Prachinburi)', 2, 'นอกจากที่พักจะได้รับการรับรองมาตรฐาน SHA ที่พักยังมีบริการ Wi-Fi ฟรีในทุกห้องพัก และที่จอดรถฟรี ที่พักตั้งอยู่ในย่านศรีมหาโพธิ์ จึงอยู่ใกล้กับที่เที่ยวมากมาย และสะดวกต่อการเดินทางไปสถานที่ต่างๆ ที่พักมีฟิตเนสเซ็นเตอร์ และ ห้องอาหาร ช่วยให้วันพักผ่อนสะดวกสบายผ่อนคลายขึ้นไปอีกขั้น', '374 Moo7 304Road, ศรีมหาโพธิ์, ปราจีนบุรี, ไทย, 25140', 636, 7.8, 8, 'https://cdn.discordapp.com/attachments/1089483718017687602/1089901900121505792/397892afc6ee06c97a7be487a8214554.png', 'https://cdn.discordapp.com/attachments/1089483718017687602/1089901900503195749/488253de086a91b3064e7f451ec24f96.png', 'https://cdn.discordapp.com/attachments/1089483718017687602/1089901900931006565/a8ae8316df02d3a08ef91b9e7bfcd756.png', 'https://cdn.discordapp.com/attachments/1089483718017687602/1089901901446926426/1621751_17021516000051044124.png'),
(43, 'แคนตารี 304 โฮเทล แอนด์ เซอร์วิซ อพาร์ตเมนต์ (SHA Extra Plus) (Kantary 304 Hotel and Serviced Apartm', 4, 'เที่ยวปราจีนบุรีได้อย่างสบายใจเมื่อเข้าพักที่นี่ ที่พักได้รับใบรับรองมาตรฐาน SHA และมีที่จอดรถฟรีให้บริการ ที่พักตั้งอยู่ในย่านศรีมหาโพธิ์ จึงอยู่ใกล้กับที่เที่ยวมากมาย และสะดวกต่อการเดินทางไปสถานที่ต่างๆ ที่พัก 4 ดาวคุณภาพสูงแห่งนี้มี สระว่ายน้ำในร่ม, ห้องสตรีม และ สระว่ายน้ำกลางแจ้ง คอยอำนวยความสะดวกแก่ผู้เข้าพัก', '689,689/1-5 หมู่ 10 ท่าตูม อำเภอ ศรีมหาโพธิ จังหวัด ปราจีนบุรี, ศรีมหาโพธิ์, ปราจีนบุรี, ไทย, 25140', 1999, 8.6, 7, 'https://cdn.discordapp.com/attachments/1089483718017687602/1089902206402183168/1094867_15102713480037200765.png', 'https://cdn.discordapp.com/attachments/1089483718017687602/1089902206867746876/57839494.png', 'https://cdn.discordapp.com/attachments/1089483718017687602/1089902207157157928/34b9d65dd1571a48d440843343a1cffe.png', 'https://cdn.discordapp.com/attachments/1089483718017687602/1089902207496892476/58792713.png'),
(44, 'โรงแรมเดอะ ดีไซน์ (The Desiign Hotel)', 4, 'ที่พักให้บริการที่จอดรถฟรีเพื่อการเดินทางเข้าออกที่พักได้อย่างสะดวกสบาย รวมถึง Wi-Fi ฟรีให้ท่องเน็ตได้ทุกเมื่อ ที่พักตั้งอยู่ในย่านศรีมหาโพธิ์ จึงอยู่ใกล้กับที่เที่ยวมากมาย และสะดวกต่อการเดินทางไปสถานที่ต่างๆ ที่พัก 4 ดาวคุณภาพสูงแห่งนี้มี บริการนวด, ฟิตเนสเซ็นเตอร์ และ ห้องอาหาร คอยอำนวยความสะดวกแก่ผู้เข้าพัก', '402 Moo. 7 Thatum Srimahaphot, ศรีมหาโพธิ์, ปราจีนบุรี, ไทย, 25140', 849, 8.6, 6, 'https://cdn.discordapp.com/attachments/1089483718017687602/1089902568039260170/6efe0f1eae30b1f13b66d01d6c099363.png', 'https://cdn.discordapp.com/attachments/1089483718017687602/1089902568387399681/0c2dae72b5478a559ada731e04e28ffe.png', 'https://cdn.discordapp.com/attachments/1089483718017687602/1089902568727117845/1e663e46aa84bc2c6999e0863e18971d.png', 'https://cdn.discordapp.com/attachments/1089483718017687602/1089902569029115934/51201401.png'),
(45, 'iRabbit Hotel', 3, 'ที่พักตั้งอยู่ในย่านซิตี้เซ็นเตอร์ของปราจีนบุรี ผู้เข้าพักจึงได้อยู่ใกล้สถานที่ท่องเที่ยวน่าสนใจและร้านอาหารอร่อยๆ ที่พัก 3 ดาวนี้มีสิ่งอำนวยความสะดวกที่จะช่วยเพิ่มความผ่อนคลายสูงสุดให้แก่ผู้เข้าพัก', '54 Chaeng Pattana Raod, Na Muang, Muang, ซิตี้เซ็นเตอร์, ปราจีนบุรี, ไทย, 25000', 895, 8.6, 5, 'https://cdn.discordapp.com/attachments/1089483718017687602/1089902961385279529/179242001.png', 'https://cdn.discordapp.com/attachments/1089483718017687602/1089902960382849164/179241648.png', 'https://cdn.discordapp.com/attachments/1089483718017687602/1089902960705802291/190913864.png', 'https://cdn.discordapp.com/attachments/1089483718017687602/1089902961062326323/179241869.png'),
(46, 'เดอะ รอยัล วิลล์ กบินทร์บุรี (The Royal Ville Hotel Kabinburi)', 2, 'ที่พักให้บริการที่จอดรถฟรีเพื่อการเดินทางเข้าออกที่พักได้อย่างสะดวกสบาย รวมถึง Wi-Fi ฟรีให้ท่องเน็ตได้ทุกเมื่อ ที่พักตั้งอยู่ในย่านกบินทร์บุรี จึงอยู่ใกล้กับที่เที่ยวมากมาย และสะดวกต่อการเดินทางไปสถานที่ต่างๆ ที่พักนี้ยังมีห้องอาหารเพื่ออำนวยความสะดวกให้แก่ผู้เข้าพักมากยิ่งขึ้น', '455 ถ.สุวรรณศร ต.เมืองเก่า อ.กบินทร์บุรี จ.ปราจีนบุรี, กบินทร์บุรี, ปราจีนบุรี, ไทย, 25240', 1174, 8.1, 10, 'https://cdn.discordapp.com/attachments/1089483718017687602/1089903357671505992/a459991d982767918262bdba2c3a6235.png', 'https://cdn.discordapp.com/attachments/1089483718017687602/1089903358179033209/4861718_20091916040092314788.png', 'https://cdn.discordapp.com/attachments/1089483718017687602/1089903358573281331/4861718_18040821120063284300.png', 'https://cdn.discordapp.com/attachments/1089483718017687602/1089903358921424996/4861718_19051515430074501757.png'),
(47, 'Nonplern Garden Home Khaoyai', 4, 'ที่พักตั้งอยู่ในย่านซิตี้เซ็นเตอร์ของปราจีนบุรี ผู้เข้าพักจึงได้อยู่ใกล้สถานที่ท่องเที่ยวน่าสนใจและร้านอาหารอร่อยๆ ที่พัก 4 ดาวนี้มีสิ่งอำนวยความสะดวกที่จะช่วยเพิ่มความผ่อนคลายสูงสุดให้แก่ผู้เข้าพัก', 'ซิตี้เซ็นเตอร์, ปราจีนบุรี, ไทย', 453, 7.4, 8, 'https://cdn.discordapp.com/attachments/1089483718017687602/1089903706662768742/55038384.png', 'https://cdn.discordapp.com/attachments/1089483718017687602/1089903706985725962/327270853.png', 'https://cdn.discordapp.com/attachments/1089483718017687602/1089903707702952048/102723049.png', 'https://cdn.discordapp.com/attachments/1089483718017687602/1089903707300302888/871518_15062617120031011502.png'),
(48, 'เซ็นเตอร์พอยต์ ไพรม์ โฮเต็ล พัทยา (Centre Point Prime Hotel Pattaya)', 5, 'นอกจากที่พักจะได้รับการรับรองมาตรฐาน SHA Plus ที่พักยังมีบริการ Wi-Fi ฟรีในทุกห้องพัก และที่จอดรถฟรี ที่พักตั้งอยู่ในย่านนาเกลือ/บางละมุงของพัทยา ผู้เข้าพักจึงได้อยู่ใกล้สถานที่ท่องเที่ยวน่าสนใจและร้านอาหารอร่อยๆ ทริปยังไม่จบถ้าไม่ได้แวะไปที่เที่ยวชื่อดังอย่าง ถนนคนเดินพัทยา ด้วยอีกสักที่ ที่พัก 5 ดาวคุณภาพสูงแห่งนี้มี สระว่ายน้ำกลางแจ้ง, ฟิตเนสเซ็นเตอร์ และ ห้องอาหาร คอยอำนวยความสะดวกแก่ผู้เข้าพัก', '275 ม.6 ถนน สุขุมวิท, นาเกลือ/บางละมุง, พัทยา, ไทย, 20150', 1827, 9, 10, 'https://cdn.discordapp.com/attachments/1089483718017687602/1089903997336424498/f3f901ea4d8f9279b1978d94212d59e6.png', 'https://cdn.discordapp.com/attachments/1089483718017687602/1089903997734895758/db606274999a75dd442ca4a3d6e6cf5b.png', 'https://cdn.discordapp.com/attachments/1089483718017687602/1089903998070435921/3f797225e71a71abbfabd1b3187e2b6f.png', 'https://cdn.discordapp.com/attachments/1089483718017687602/1089903998418555070/29ff1b45145021fa57c49076d05cc58c.png'),
(49, 'สยาม แอท สยาม ดีไซน์ โฮเทล พัทยา (Siam @ Siam Design Hotel Pattaya )', 4, 'นอกจากที่พักจะได้รับการรับรองมาตรฐาน SHA Plus ที่พักยังมีบริการ Wi-Fi ฟรีในทุกห้องพัก และที่จอดรถฟรี ที่พักตั้งอยู่ในย่านพัทยาเหนือ จึงอยู่ใกล้กับที่เที่ยวมากมาย และสะดวกต่อการเดินทางไปสถานที่ต่างๆ อย่าลืมแบ่งเวลาไปเที่ยวถนนคนเดินพัทยา รวมถึงหาดพัทยาใกล้เคียง ที่พัก 4.5 ดาวคุณภาพสูงแห่งนี้มี สระว่ายน้ำกลางแจ้ง, ฟิตเนสเซ็นเตอร์ และ ห้องอาหาร คอยอำนวยความสะดวกแก่ผู้เข้าพัก', '390 หมู่9 ถนน พัทยาสาย2 พัทยา2 หนองปรือ บางละมุง, พัทยาเหนือ, พัทยา, ไทย, 20150', 2882, 8.7, 20, 'https://cdn.discordapp.com/attachments/1089483718017687602/1089904388069408828/5dbfbd46542a46114c820267d30a72ad.png', 'https://cdn.discordapp.com/attachments/1089483718017687602/1089904388425916466/b42a000b2da5998271e497f2e43f0df7.png', 'https://cdn.discordapp.com/attachments/1089483718017687602/1089904388774035536/e0fd70be6579b2ed3dcfc0d8e86fa182.png', 'https://cdn.discordapp.com/attachments/1089483718017687602/1089904389168308265/3d43ba550db25d00fc5a67c3f6b28918.png'),
(50, 'นาวาน่า เนเจอร์ เอสเคป (Navana Nature Escape )', 5, 'นอกจากที่พักจะได้รับการรับรองมาตรฐาน SHA Plus ที่พักยังมีบริการ Wi-Fi ฟรีในทุกห้องพัก และที่จอดรถฟรี ที่พักตั้งอยู่ในย่านนาเกลือ/บางละมุงของพัทยา ผู้เข้าพักจึงได้อยู่ใกล้สถานที่ท่องเที่ยวน่าสนใจและร้านอาหารอร่อยๆ ทริปยังไม่จบถ้าไม่ได้แวะไปที่เที่ยวชื่อดังอย่าง ถนนคนเดินพัทยา ด้วยอีกสักที่ ที่พัก 5 ดาวคุณภาพสูงแห่งนี้มี ห้องสตรีม, บริการนวด และ สระว่ายน้ำกลางแจ้ง คอยอำนวยความสะดวกแก่ผู้เข้าพัก', 'นาเกลือ/บางละมุง, พัทยา, ไทย, 20150', 3999, 9, 7, 'https://cdn.discordapp.com/attachments/1089483718017687602/1089904669033238578/a5b94f0b6efeee9eba42eab083e0e2f0.png', 'https://cdn.discordapp.com/attachments/1089483718017687602/1089904669360390236/f80269236b16fca3d964fd5e53501026.png', 'https://cdn.discordapp.com/attachments/1089483718017687602/1089904669691756604/18123a5d5c72c8459b384e37763e3c87.png', 'https://cdn.discordapp.com/attachments/1089483718017687602/1089904670195056640/4e5ff767445c83d6ff30242c1b16b8d0.png');
INSERT INTO `hotels` (`hotel_id`, `hotel_name`, `hotel_class`, `hotel_description`, `hotel_location`, `room_price`, `review_score`, `available_room`, `hotel_image1`, `hotel_image2`, `hotel_image3`, `hotel_image4`) VALUES
(51, 'ดี วารี จอมเทียน บีช พัทยา โฮเทล (D Varee Jomtien Beach Pattaya Hotel )', 4, 'นอกจากที่พักจะได้รับการรับรองมาตรฐาน SHA Plus ที่พักยังมีบริการ Wi-Fi ฟรีในทุกห้องพัก และที่จอดรถฟรี ที่พักตั้งอยู่ในย่านหาดจอมเทียนของพัทยา ผู้เข้าพักจึงได้อยู่ใกล้สถานที่ท่องเที่ยวน่าสนใจและร้านอาหารอร่อยๆ ทริปยังไม่จบถ้าไม่ได้แวะไปที่เที่ยวชื่อดังอย่าง ถนนคนเดินพัทยา ด้วยอีกสักที่ ที่พัก 4 ดาวคุณภาพสูงแห่งนี้มี สระว่ายน้ำกลางแจ้ง, ฟิตเนสเซ็นเตอร์ และ ห้องอาหาร คอยอำนวยความสะดวกแก่ผู้เข้าพัก', '457 หมู่ที่ 12 ซอย 13-14 ตำบลหนองปรือ อำเภอบางละมุง พัทยา ชลบุรี, หาดจอมเทียน, พัทยา, ไทย, 20150', 5777, 8, 14, 'https://cdn.discordapp.com/attachments/1089483718017687602/1089904971455135856/89338_17060614290053501627.png', 'https://cdn.discordapp.com/attachments/1089483718017687602/1089904971954278441/89338_17051714410053046672.png', 'https://cdn.discordapp.com/attachments/1089483718017687602/1089904972386279514/89338_17051916460053100961.png', 'https://cdn.discordapp.com/attachments/1089483718017687602/1089904972788945060/89338_17051916480053100989.png'),
(52, 'เดอะ แซงชัวรี พระตำหนัก พัทยา - ชื่อเดิม เซ็นทารา แกรนด์ พระตำหนัก (The Sanctuary Phratamnak Pattaya', 5, 'นอกจากที่พักจะได้รับการรับรองมาตรฐาน SHA Plus ที่พักยังมีบริการ Wi-Fi ฟรีในทุกห้องพัก และที่จอดรถฟรี ที่พักตั้งอยู่ในย่านเขาพระตำหนักของพัทยา ผู้เข้าพักจึงได้อยู่ใกล้สถานที่ท่องเที่ยวน่าสนใจและร้านอาหารอร่อยๆ ที่พัก 5 ดาวคุณภาพสูงแห่งนี้มี สระว่ายน้ำในร่ม, ฟิตเนสเซ็นเตอร์ และ ห้องอาหาร คอยอำนวยความสะดวกแก่ผู้เข้าพัก', '352/430 M.12, Phratamnak 5 Alley, Banglamung, เขาพระตำหนัก, พัทยา, ไทย, 20150', 1426, 8.1, 20, 'https://cdn.discordapp.com/attachments/1089483718017687602/1089905491024543805/28532796_211130124300108894414.png', 'https://cdn.discordapp.com/attachments/1089483718017687602/1089905490651267222/28532796_211130101000108892752.png', 'https://cdn.discordapp.com/attachments/1089483718017687602/1089905489355218964/a51d1d3608556bb9dfc573f065c031ff.png', 'https://cdn.discordapp.com/attachments/1089483718017687602/1089905490206654594/28532796_211130124300108894421.png'),
(53, 'อาเบอร์ โฮเทล แอนด์ เรสซิเดนซ์ (Arbour Hotel and Residence Pattaya )', 5, 'นอกจากที่พักจะได้รับการรับรองมาตรฐาน SHA Plus ที่พักยังมีบริการ Wi-Fi ฟรีในทุกห้องพัก และที่จอดรถฟรี ที่พักตั้งอยู่ในย่านพัทยากลางของพัทยา ผู้เข้าพักจึงได้อยู่ใกล้สถานที่ท่องเที่ยวน่าสนใจและร้านอาหารอร่อยๆ ที่พัก 5 ดาวคุณภาพสูงแห่งนี้มี บริการนวด, สระว่ายน้ำกลางแจ้ง และ ห้องซาวน่า คอยอำนวยความสะดวกแก่ผู้เข้าพัก', 'Pattaya 3rd Road, พัทยากลาง, พัทยา, ไทย, 20150', 2651, 9, 15, 'https://cdn.discordapp.com/attachments/1089483718017687602/1089905863277416548/28347347_211021102500106721264.png', 'https://cdn.discordapp.com/attachments/1089483718017687602/1089905863659110481/28347347_211014153600106486333.png', 'https://cdn.discordapp.com/attachments/1089483718017687602/1089905864036601866/28347347_211021151100106732138.png', 'https://cdn.discordapp.com/attachments/1089483718017687602/1089905864527331338/28347347_211021154400106733017.png'),
(54, 'โรงแรมแกรนด์ พาลาสโซ่ พัทยา (GRAND PALAZZO HOTEL PATTAYA )', 5, 'นอกจากที่พักจะได้รับการรับรองมาตรฐาน SHA Plus ที่พักยังมีบริการ Wi-Fi ฟรีในทุกห้องพัก และที่จอดรถฟรี ที่พักตั้งอยู่ในย่านพัทยากลางของพัทยา ผู้เข้าพักจึงได้อยู่ใกล้สถานที่ท่องเที่ยวน่าสนใจและร้านอาหารอร่อยๆ ที่พัก 5 ดาวคุณภาพสูงแห่งนี้มี บริการนวด, สระว่ายน้ำกลางแจ้ง และ ห้องซาวน่า คอยอำนวยความสะดวกแก่ผู้เข้าพัก', '292 ซอยพัทยาเหนือ7 ถนนเพชรตระกูล, พัทยาเหนือ, พัทยา, ไทย, 20150', 1799, 8.2, 13, 'https://cdn.discordapp.com/attachments/1089483718017687602/1089906414480281610/749afa59d2e5951d215f2bfc33ea43da.png', 'https://cdn.discordapp.com/attachments/1089483718017687602/1089906414916481034/b4c021eb8ae3356187f1697d4b6d1390.png', 'https://cdn.discordapp.com/attachments/1089483718017687602/1089906415302352985/556c3e8f4b4cf2d1769790195afc889c.png', 'https://cdn.discordapp.com/attachments/1089483718017687602/1089906415658881054/9d8869061ddaa556aeb2ba47e3d3e063.png'),
(55, 'ครอสทู ไวบ์ พัทยา ซีเฟียร์ (X2 Vibe Pattaya Seaphere )', 4, 'นอกจากที่พักจะได้รับการรับรองมาตรฐาน SHA ที่พักยังมีบริการ Wi-Fi ฟรีในทุกห้องพัก และที่จอดรถฟรี ที่พักตั้งอยู่ในย่านนาจอมเทียนของพัทยา ผู้เข้าพักจึงได้อยู่ใกล้สถานที่ท่องเที่ยวน่าสนใจและร้านอาหารอร่อยๆ ทริปยังไม่จบถ้าไม่ได้แวะไปที่เที่ยวชื่อดังอย่าง ถนนคนเดินพัทยา ด้วยอีกสักที่ ที่พัก 4 ดาวคุณภาพสูงแห่งนี้มี สระว่ายน้ำกลางแจ้ง และ ห้องอาหาร คอยอำนวยความสะดวกแก่ผู้เข้าพัก', '223 ซอยนาจอมเทียน 32, นาจอมเทียน, พัทยา, ไทย, 20250', 1999, 8.1, 17, 'https://cdn.discordapp.com/attachments/1089483718017687602/1089906713743851611/b31467a96d02985dd9070655eef7d497.png', 'https://cdn.discordapp.com/attachments/1089483718017687602/1089906714129739786/2377332_17100915310057497942.png', 'https://cdn.discordapp.com/attachments/1089483718017687602/1089906714532384852/173a45dc93e0b999b33c64a90738a3eb.png', 'https://cdn.discordapp.com/attachments/1089483718017687602/1089906714935033936/3f347e646f5282fa0fec24db9bdbc920.png'),
(56, 'โรงแรมแกรนด์ เบลล่า ( Grand Bella Hotel )', 4, 'นอกจากที่พักจะได้รับการรับรองมาตรฐาน SHA Plus ที่พักยังมีบริการ Wi-Fi ฟรีในทุกห้องพัก และที่จอดรถฟรี ที่พักตั้งอยู่ในย่านพัทยากลางของพัทยา ผู้เข้าพักจึงได้อยู่ใกล้สถานที่ท่องเที่ยวน่าสนใจและร้านอาหารอร่อยๆ อย่าลืมแบ่งเวลาไปเที่ยวถนนคนเดินพัทยา รวมถึงหาดพัทยาใกล้เคียง ที่พัก 4 ดาวคุณภาพสูงแห่งนี้มี สระว่ายน้ำกลางแจ้ง, ฟิตเนสเซ็นเตอร์ และ ห้องอาหาร คอยอำนวยความสะดวกแก่ผู้เข้าพัก', '336/20 หมู่9 หนองปรือ บางละมุง ชลบุรี, พัทยากลาง, พัทยา, ไทย, 20150', 980, 7.7, 18, 'https://cdn.discordapp.com/attachments/1089483718017687602/1089907017994469447/501851_14010210580017991640.png', 'https://cdn.discordapp.com/attachments/1089483718017687602/1089907018342604871/501851_14032214190018816918.png', 'https://cdn.discordapp.com/attachments/1089483718017687602/1089907018703327282/52947281.png', 'https://cdn.discordapp.com/attachments/1089483718017687602/1089907019005296780/52947511.png'),
(57, 'โรงแรมพูลแมน พัทยา จี (Pullman Pattaya Hotel G )', 5, 'นอกจากที่พักจะได้รับการรับรองมาตรฐาน SHA Plus ที่พักยังมีบริการ Wi-Fi ฟรีในทุกห้องพัก และที่จอดรถฟรี ที่พักตั้งอยู่ในย่านหาดวงอมาตย์ของพัทยา ผู้เข้าพักจึงได้อยู่ใกล้สถานที่ท่องเที่ยวน่าสนใจและร้านอาหารอร่อยๆ ทริปยังไม่จบถ้าไม่ได้แวะไปที่เที่ยวชื่อดังอย่าง ถนนคนเดินพัทยา ด้วยอีกสักที่ ที่พัก 5 ดาวคุณภาพสูงแห่งนี้มี สระว่ายน้ำในร่ม, ห้องสตรีม และ บริการนวด คอยอำนวยความสะดวกแก่ผู้เข้าพัก', '445/3 หมู่ที่ 5 ซอยวงศ์อำมาตย์ ถ. พัทยา-นาเกลือ ต. นาเกลือ อ. บางละมุง, หาดวงอมาตย์, พัทยา, ไทย, 20150', 3726, 8.1, 8, 'https://cdn.discordapp.com/attachments/1089483718017687602/1089907577988579338/119b6b4b5ff1d9a70c93ec895ff6e84d.png', 'https://cdn.discordapp.com/attachments/1089483718017687602/1089907578852626492/0670b3d7029f38bab827670ab84c5766.png', 'https://cdn.discordapp.com/attachments/1089483718017687602/1089907578378661979/c06b1f6e316e7fe5901668acb496c62d.png', 'https://cdn.discordapp.com/attachments/1089483718017687602/1089907579209121884/8e3fcb2666a987238baa5b38865851c2.png'),
(58, 'โกลว์ พัทยา (GLOW Pattaya )', 4, 'ที่พักนี้มีบริการอินเทอร์เน็ต Wi-Fi ฟรีในทุกห้องพัก ช่วยให้การเดินทางสะดวกยิ่งขึ้นไปอีก ที่พักตั้งอยู่ในย่านพัทยาใต้ของพัทยา ผู้เข้าพักจึงได้อยู่ใกล้สถานที่ท่องเที่ยวน่าสนใจและร้านอาหารอร่อยๆ ที่พัก 4 ดาวคุณภาพสูงแห่งนี้มี สระว่ายน้ำในร่ม, สระว่ายน้ำกลางแจ้ง และ ฟิตเนสเซ็นเตอร์ คอยอำนวยความสะดวกแก่ผู้เข้าพัก', '193/949 Moo 10 Pattaya South Sai 3 T. Nongprue, A. Banglamung, พัทยาใต้, พัทยา, ไทย, 20150', 899, 8.5, 12, 'https://cdn.discordapp.com/attachments/1089483718017687602/1089907954385436782/295348030.png', 'https://cdn.discordapp.com/attachments/1089483718017687602/1089907954767122493/9c5dfaaf6c8dc9a5bfc88130670ae02a.png', 'https://cdn.discordapp.com/attachments/1089483718017687602/1089907955433996508/35914a1588648b03db78302f20377f8e.png', 'https://cdn.discordapp.com/attachments/1089483718017687602/1089907955815694436/306896819.png'),
(59, 'เมอร์เคียว พัทยา โอเชียน รีสอร์ท (Mercure Pattaya Ocean Resort )', 4, 'นอกจากที่พักจะได้รับการรับรองมาตรฐาน SHA ที่พักยังมีบริการ Wi-Fi ฟรีในทุกห้องพัก และที่จอดรถฟรี ที่พักตั้งอยู่ในย่านถนนเลียบชายหาด จึงอยู่ใกล้กับที่เที่ยวมากมาย และสะดวกต่อการเดินทางไปสถานที่ต่างๆ อย่าลืมแบ่งเวลาไปเที่ยวถนนคนเดินพัทยา รวมถึงหาดพัทยาใกล้เคียง ที่พัก 4 ดาวคุณภาพสูงแห่งนี้มี สระว่ายน้ำกลางแจ้ง, ฟิตเนสเซ็นเตอร์ และ ห้องอาหาร คอยอำนวยความสะดวกแก่ผู้เข้าพัก', '463/100 Moo 9, Nongprue, Banglamung, Chonburi, ถนนเลียบชายหาด, พัทยา, ไทย, 20150', 2543, 8.2, 11, 'https://cdn.discordapp.com/attachments/1089483718017687602/1089908308304990270/603f5a48a4f5e96e555ea6ea59c90ef0.png', 'https://cdn.discordapp.com/attachments/1089483718017687602/1089908309160640684/652133_14081513040021206208.png', 'https://cdn.discordapp.com/attachments/1089483718017687602/1089908308816703528/0052d5d74b440bfd2910fcb6ef6d0b14.png', 'https://cdn.discordapp.com/attachments/1089483718017687602/1089908309483589632/ced3bff3b2fa4eb2459522e6196335fc.png'),
(60, 'Ambassador City Jomtien Pattaya - Ocean Wing', 4, 'นอกจากที่พักจะได้รับการรับรองมาตรฐาน SHA Plus ที่พักยังมีบริการ Wi-Fi ฟรีในทุกห้องพัก และที่จอดรถฟรี ที่พักตั้งอยู่ในย่านนาจอมเทียนของพัทยา ผู้เข้าพักจึงได้อยู่ใกล้สถานที่ท่องเที่ยวน่าสนใจและร้านอาหารอร่อยๆ ทริปยังไม่จบถ้าไม่ได้แวะไปที่เที่ยวชื่อดังอย่าง ถนนคนเดินพัทยา ด้วยอีกสักที่ ที่พัก 4 ดาวคุณภาพสูงแห่งนี้มี บริการนวด, สระว่ายน้ำกลางแจ้ง และ ฟิตเนสเซ็นเตอร์ คอยอำนวยความสะดวกแก่ผู้เข้าพัก', '21/10 หมู่2 ถนน สุขุมวิท นาจอมเทียน สัตหีต ชลบุรี, นาจอมเทียน, พัทยา, ไทย, 20250', 2481, 7.7, 7, 'https://cdn.discordapp.com/attachments/1089483718017687602/1089908615860727858/31474e271d59c4fa54dc672f550c0720.png', 'https://cdn.discordapp.com/attachments/1089483718017687602/1089908616355647598/0a1f9df85e5c6fffd0aa98c82ace484a.png', 'https://cdn.discordapp.com/attachments/1089483718017687602/1089908617114816623/17f8563c9e55beef2309bc28194368bd.png', 'https://cdn.discordapp.com/attachments/1089483718017687602/1089908616678617189/d50386a3d747eb8b8c04e5d9ff4f80fa.png');

-- --------------------------------------------------------

--
-- Table structure for table `members`
--

CREATE TABLE `members` (
  `mem_id` int(11) NOT NULL,
  `mem_fname` varchar(100) NOT NULL,
  `mem_lname` varchar(100) NOT NULL,
  `mem_username` varchar(100) NOT NULL,
  `mem_password` varchar(100) NOT NULL,
  `mem_email` varchar(100) NOT NULL,
  `mem_phone` varchar(10) NOT NULL
) ENGINE=InnoDB DEFAULT CHARSET=utf8;

--
-- Dumping data for table `members`
--

INSERT INTO `members` (`mem_id`, `mem_fname`, `mem_lname`, `mem_username`, `mem_password`, `mem_email`, `mem_phone`) VALUES
(1, 'vitchayut', 'suebwong', 'best', '1234', 'best@gmail.com', '0853441555'),
(2, 'OHM', 'xDDDDDDDDDDDD', 'ohm', '12345', 'ohm@gmail.com', '0813497618'),
(3, 'MILD', 'asdasdasdasdasdasdasd', 'mild', '12345', 'dasdasdasdasd@xDDDDDD.com', '0812345667'),
(4, 'FRESH', 'xDDDDD123', 'fresh', '12345', 'xDDDDDDD@asdasdasd.com', '0612345623'),
(5, 'YOUNG ADULT', '007', 'young adult', '12345', 'num007@xDDDDDD.com', '0923413242');

-- --------------------------------------------------------

--
-- Table structure for table `promotions`
--

CREATE TABLE `promotions` (
  `pro_id` int(11) NOT NULL,
  `pro_name` varchar(50) NOT NULL,
  `pro_detail` varchar(255) NOT NULL,
  `pro_discount` float NOT NULL,
  `pro_code` varchar(20) NOT NULL,
  `pro_image` text NOT NULL
) ENGINE=InnoDB DEFAULT CHARSET=utf8mb4;

--
-- Dumping data for table `promotions`
--

INSERT INTO `promotions` (`pro_id`, `pro_name`, `pro_detail`, `pro_discount`, `pro_code`, `pro_image`) VALUES
(101, 'New Account', 'Sign Up NOW! discount 50% for first time booked hotel in Bangkok. 1 time/1 user', 0.5, 'WELCOME50', 'https://cdn.discordapp.com/attachments/962280584418304030/1076391135515246612/50-Off-Discount-Vector-Transparent-PNG.png'),
(102, 'Mid Month Sale! [Apr]', 'Mid Month Sale!\nลดราคาโรงแรม และตั๋วเครื่องบิน 30% สำหรับการจองภายในวันที่ 15-17 เมษายนนี้เท่านั้น ', 0.3, 'AprMidMonth', 'https://cdn.discordapp.com/attachments/962280584418304030/1090185026160840714/20220415_Listpage_MC_Midmonth_03.jpeg'),
(103, 'Black Friday', 'ลด 7% สำหรับการจองเที่ยวบิน และโรงแรม เฉพาะวันศุกร์เท่านั้น', 0.07, 'BLACKFRI', 'https://cdn.discordapp.com/attachments/962280584418304030/1090589611643895818/tamanna-rumee-KzidBAES-uE-unsplash.jpg'),
(104, 'SALE', 'ลดราคาสำหรับการจองโรงแรม และเที่ยวบิน 3% ของขวัญเล็กๆน้อยๆสำหรับสมาชิกของเว็บเรา', 0.03, 'LITTLE', 'https://cdn.discordapp.com/attachments/962280584418304030/1090589586427744256/tamanna-rumee-Wt33T42JNCM-unsplash.jpg'),
(105, 'FLIGHT SALE', 'เที่ยวกันอย่างจุใจ แถมได้ราคาดี เพียงใส่โค้ด FLIGHT20 รับไปเลย ส่วนลด 20% สำหรับการจองเที่ยวบิน', 0.2, 'FLIGHT20', 'https://cdn.discordapp.com/attachments/962280584418304030/1090589562818011136/natali-quijano-N79MYsd2Ce4-unsplash.jpg');

-- --------------------------------------------------------

--
-- Table structure for table `tickets`
--

CREATE TABLE `tickets` (
  `ticket_id` int(11) NOT NULL,
  `avaliable_ticket` int(11) NOT NULL,
  `ticket_price` int(11) NOT NULL,
  `flight_id` int(11) NOT NULL
) ENGINE=InnoDB DEFAULT CHARSET=utf8;

--
-- Dumping data for table `tickets`
--

INSERT INTO `tickets` (`ticket_id`, `avaliable_ticket`, `ticket_price`, `flight_id`) VALUES
(10001, 35, 989, 3357),
(10002, 35, 1021, 3376),
(10003, 30, 787, 3440),
(10004, 40, 899, 3451),
(10005, 35, 1011, 3465),
(10006, 60, 1398, 3579),
(10007, 45, 946, 3675),
(10008, 30, 877, 3789),
(10009, 45, 945, 4899),
(10010, 30, 1187, 4946),
(10011, 40, 789, 4956),
(10012, 45, 895, 6520),
(10013, 55, 3509, 6540),
(10014, 55, 6190, 6570),
(10015, 55, 6590, 6578);

--
-- Indexes for dumped tables
--

--
-- Indexes for table `airlines`
--
ALTER TABLE `airlines`
  ADD PRIMARY KEY (`airline_id`);

--
-- Indexes for table `booking_flights`
--
ALTER TABLE `booking_flights`
  ADD PRIMARY KEY (`booking_flight_id`),
  ADD KEY `ticket_id` (`ticket_id`),
  ADD KEY `Mem_id` (`mem_id`);

--
-- Indexes for table `booking_hotels`
--
ALTER TABLE `booking_hotels`
  ADD PRIMARY KEY (`booking_hotel_id`),
  ADD KEY `booking_hotels_ibfk_1` (`hotel_id`),
  ADD KEY `booking_hotels_ibfk_2` (`mem_id`);

--
-- Indexes for table `flights`
--
ALTER TABLE `flights`
  ADD PRIMARY KEY (`flight_id`),
  ADD KEY `Airline_id` (`airline_id`);

--
-- Indexes for table `hotels`
--
ALTER TABLE `hotels`
  ADD PRIMARY KEY (`hotel_id`);

--
-- Indexes for table `members`
--
ALTER TABLE `members`
  ADD PRIMARY KEY (`mem_id`);

--
-- Indexes for table `promotions`
--
ALTER TABLE `promotions`
  ADD PRIMARY KEY (`pro_id`);

--
-- Indexes for table `tickets`
--
ALTER TABLE `tickets`
  ADD PRIMARY KEY (`ticket_id`),
  ADD KEY `Flight_id` (`flight_id`);

--
-- AUTO_INCREMENT for dumped tables
--

--
-- AUTO_INCREMENT for table `booking_hotels`
--
ALTER TABLE `booking_hotels`
  MODIFY `booking_hotel_id` int(11) NOT NULL AUTO_INCREMENT, AUTO_INCREMENT=6;

--
-- AUTO_INCREMENT for table `flights`
--
ALTER TABLE `flights`
  MODIFY `flight_id` int(11) NOT NULL AUTO_INCREMENT, AUTO_INCREMENT=6579;

--
-- AUTO_INCREMENT for table `hotels`
--
ALTER TABLE `hotels`
  MODIFY `hotel_id` int(11) NOT NULL AUTO_INCREMENT, AUTO_INCREMENT=61;

--
-- AUTO_INCREMENT for table `members`
--
ALTER TABLE `members`
  MODIFY `mem_id` int(11) NOT NULL AUTO_INCREMENT, AUTO_INCREMENT=6;

--
-- Constraints for dumped tables
--

--
-- Constraints for table `booking_flights`
--
ALTER TABLE `booking_flights`
  ADD CONSTRAINT `booking_flights_mem_id_fk` FOREIGN KEY (`mem_id`) REFERENCES `members` (`mem_id`) ON DELETE CASCADE ON UPDATE CASCADE,
  ADD CONSTRAINT `booking_flights_ticket_id_fk` FOREIGN KEY (`ticket_id`) REFERENCES `tickets` (`ticket_id`) ON DELETE CASCADE ON UPDATE CASCADE;

--
-- Constraints for table `booking_hotels`
--
ALTER TABLE `booking_hotels`
  ADD CONSTRAINT `booking_hotels_hotel_id_fk` FOREIGN KEY (`hotel_id`) REFERENCES `hotels` (`hotel_id`) ON DELETE CASCADE ON UPDATE CASCADE,
  ADD CONSTRAINT `booking_hotels_mem_id_fk` FOREIGN KEY (`mem_id`) REFERENCES `members` (`mem_id`) ON DELETE CASCADE ON UPDATE CASCADE;

--
-- Constraints for table `flights`
--
ALTER TABLE `flights`
  ADD CONSTRAINT `flight_airline_id_fk` FOREIGN KEY (`airline_id`) REFERENCES `airlines` (`airline_id`) ON DELETE CASCADE ON UPDATE CASCADE;

--
-- Constraints for table `tickets`
--
ALTER TABLE `tickets`
  ADD CONSTRAINT `tickets_flight_id_fk` FOREIGN KEY (`flight_id`) REFERENCES `flights` (`flight_id`) ON DELETE CASCADE ON UPDATE CASCADE;
COMMIT;

/*!40101 SET CHARACTER_SET_CLIENT=@OLD_CHARACTER_SET_CLIENT */;
/*!40101 SET CHARACTER_SET_RESULTS=@OLD_CHARACTER_SET_RESULTS */;
/*!40101 SET COLLATION_CONNECTION=@OLD_COLLATION_CONNECTION */;
